STT;Nhóm hàng ;Nhóm hàng/Loại;Tên sản phẩm;Model;Thông số chính;Giá (VND);;;;;;;;;;;;;;;;;;
1;Điện gia dụng;Bàn là;BÀN LÀ SUNHOUSE;SHD1072;"Màu sắc	Hồng
Điện áp	220v~/50Hz
Công suất	1200 W
Chế độ	Là khô
Đèn báo nguồn điện	Có
Cảm biến nhiệt	Có
Công tắc nguồn	Núm xoay
Bề mặt bàn là	Chống dính
Thương hiệu	SUNHOUSE
Xuất xứ	Trung Quốc
Trọng lượng	0.465kg
Bảo hành	12 tháng";250000;;;;;;;;;;;;;;;;;;
2;Điện gia dụng;Bàn là;BÀN LÀ SUNHOUSE;SHD2065;"Công suất: 1600W
Bình nước: 130 ml
Mặt đế: Ceramic chống dính
Chức năng:
Ủi khô
Phun hơi
Ủi hơi nước
Phun tia
Phun hơi thẳng đứng
Chiều dài dây điện: 157 cm
Tiện ích:
Không tạo vết cháy
Tăng giảm lượng hơi nước linh hoạt
Chống nhỏ giọt
Có rãnh cúc tiện lợi
Không xoắn dây (dây nguồn xoay 360 độ)
Chế độ an toàn:Tự động ngắt điện Kích thước - Khối lượng sản phẩm:
Ngang 25 cm - Cao 14.5 cm - Sâu 10 cm - Nặng 0.67 kg
Thương hiệu của: Việt Nam
Sản xuất tại: Trung Quốc
Năm ra mắt: 2018
Hãng: Sunhouse.";360000;;;;;;;;;;;;;;;;;;
3;Điện gia dụng;Bình nóng lạnh;BÌNH TẮM NƯỚC NÓNG ROSSI;RPG 15SQ;"Dung tích	
15 lít
Bình nóng lạnh	
Rossi
Loại bình nóng lạnh	
Gián tiếp
Sản xuất	
Việt Nam
Thương hiệu	
Việt Nam";1500000;;;;;;;;;;;;;;;;;;
4;Điện gia dụng;Bình nóng lạnh;BÌNH TẮM NƯỚC NÓNG ROSSI;RPG 20SL;"Dung tích        
20 lít
Bình nóng lạnh        
Rossi
Loại bình nóng lạnh        
Gián tiếp
Sản xuất        
Việt Nam
Thương hiệu        
Việt Nam";2000000;;;;;;;;;;;;;;;;;;
5;Điện gia dụng;Bếp ga;BẾP GA HAPPYTIME;HTB016;"Số lò nấu	1
Hệ thống đánh lửa	Magneto
Chất liệu mặt bếp	Không có
Kiềng bếp	Kiềng gang sơn
PEP	PEP gang sơn
Khung bếp	Gang sơn
Loại gas sử dụng	LPG
Kích thước sản phẩm	605 x 310 x 185 (mm)
Trọng lượng	7.0 kg
Bảo hành	12 tháng
Đặc điểm khác	- Thiết kế 4 cửa hút gió giúp cháy nhiên liệu tối ưu
- PEP gang chia lửa đều, ngọn lửa lớn
- Dễ dàng sử dụng
Thương hiệu	HAPPY TIME
Xuất xứ	Lắp ráp tại Việt Nam";750000;;;;;;;;;;;;;;;;;;
6;Điện gia dụng;Bếp ga;BẾP GA RINNAI;RV-615SLIMGL;" THƯƠNG HIỆU	 Rinnai RV-615SLIM(GL-D)
 LOẠI SẢN PHẨM	 Bếp Gas Dương
 XUẤT XỨ	 Việt Nam
TÍNH NĂNG NỔI BẬT	 – Trọng lượng 8,5 Kg
 – Thiết kế gọn gàng, tinh tế

 – Mặt kính chịu nhiệt, chịu lực cao cấp

 – Kiềng bếp tháo rời, phủ men chống rỉ

 – Đầu đốt bằng hợp kim đồng siêu bền

 – Hệ thống đánh lữa Magneto cực nhạy

 – Tích hợp đầu hâm tiện dụng

 – Lữa xanh tiết kiệm gas

 – Dễ dàng vệ sinh lau chùi

 KÍCH THƯỚC SẢN PHẨM	 604R x 450S x 140C mm
 BẢO HÀNH	 2 năm chính hãng";2400000;;;;;;;;;;;;;;;;;;
7;Điện gia dụng;Bếp điện từ;BẾP ĐÔI ĐIỆN TỪ SUNHOUSE;SHB8100;"Model	SHB8100
Số vùng nấu	2
Công suất trái	1800W
Công suất phải	1800W
Tổng công suất	3600W
Điện áp	220 - 240VAC / 50Hz
Chất liệu mâm từ	Đồng
Bảng điều khiển	Phím cảm ứng bấm
Loại nồi thích hợp	Nồi/chảo có đáy phẳng, bắt từ
Hẹn giờ	240 phút
Khả năng chịu tải của bếp	20kg
Chia sẻ công suất giữa các vùng nấu	20kg
Khóa trẻ em	Có
Kích thước sản phẩm	680 x 400 x 81mm
Kích thước mặt bếp	680 x 400mm
Kích thước cắt đá	655 x 365mm
Khối lượng	7.2 Kg
Kích thước đóng hộp	760 x 480 x 125mm
Thương hiệu	SUNHOUSE
Xuất xứ	TRUNG QUỐC
Bảo hành	36 tháng";3200000;;;;;;;;;;;;;;;;;;
8;Điện gia dụng;Bếp điện từ;BẾP ĐÔI ĐIỆN TỪ SUNHOUSE MAMA;MMB888D1;"Model	MMB888DI
Số vùng nấu	2
Công suất trái	2200W (Booster)
Công suất phải	2200W (Booster)
Điện áp	220 - 240VAC / 50Hz
Chất liệu mặt kính	Kính Ultra Vitro Ceramic
Độ dày mặt kính	4.0mm
Công nghệ Inverter	Có
Bảng điều khiển	Phím cảm ứng trượt, kết hợp bấm
Số bảng điều khiển	2
Mức công suất điều chỉnh nhiệt	9 mức (hiển thị W)
Loại nồi thích hợp	Nồi/chảo có đáy phẳng, bắt từ
Hẹn giờ	4 giờ
Chia sẻ công suất giữa các vùng nấu	Không
Khóa trẻ em	Có
Tự động nhận diện vùng nấu	Có
Cảnh báo & ngắt chống tràn	Có
Tính năng Slow Cook (nấu chậm)	Có
Ngắt khi không sử dụng	Có
Kích thước sản phẩm	730 x 430 x 85mm
Kích thước mặt bếp	730 x 430mm
Kích thước cắt đá	680 x 390mm
Thương hiệu	SUNHOUSE MAMA
Xuất xứ	Thái Lan
Bảo hành	36 tháng";5800000;;;;;;;;;;;;;;;;;;
9;Điện gia dụng;Máy giặt;Máy giặt TOSHIBA;M1000FV MK;"Loại máy giặt: Cửa trên
Lồng giặt: Lồng đứng
Khối lượng giặt: 9 Kg
Số người sử dụng: Từ 3 - 5 người
Kiểu động cơ: Truyền động gián tiếp (dây Curoa)
Tốc độ quay vắt tối đa: 700 vòng/phút
Chất liệu lồng giặt: Thép không gỉ
Chất liệu vỏ máy: Kim loại sơn tĩnh điện
Chất liệu nắp máy: Kính chịu lực
Sản xuất tại: Thái Lan
Năm ra mắt: 2022
Thời gian bảo hành động cơ: 2 năm";5900000;;;;;;;;;;;;;;;;;;
10;Điện gia dụng;Máy giặt;Máy giặt PANASONIC;NA-V10FA1;"Loại máy giặt: Cửa trước
Lồng giặt: Lồng ngang
Khối lượng giặt: 10 Kg
Số người sử dụng: Từ 5 - 7 người
Kiểu động cơ: Truyền động gián tiếp (dây Curoa)
Tốc độ quay vắt tối đa: 1400 vòng/phút
Chất liệu lồng giặt: Thép không gỉ
Chất liệu vỏ máy: Kim loại sơn tĩnh điện
Chất liệu cửa máy: Nhựa ABS + Kính cường lực
Sản xuất tại: Việt Nam
Năm ra mắt: 2024
Thời gian bảo hành động cơ: 12 năm";10500000;;;;;;;;;;;;;;;;;;
11;Điện gia dụng;Máy hút ẩm;MÁY HÚT ẨM KORICHI;KRC-25;"· Model: KRC-25
· Công suất hút ẩm: 25 lít / ngày (điều kiện 30°C, 80% RH)
· Điện áp định mức: 220–240V ~ 50–60Hz
· Công suất tiêu thụ điện: 300W
· Loại khí làm mát: R290 – thân thiện với môi trường
· Dung tích bình chứa nước: 4 lít
· Kích thước sản phẩm: 35 x 25 x 55cm (Rộng x Sâu x Cao)
· Chính sách bảo hành: Bảo hành tại nhà 24 tháng toàn quốc";4100000;;;;;;;;;;;;;;;;;;
12;Điện gia dụng;Máy hút ẩm;MÁY HÚT ẨM KORICHI;KRC-1150;"Model: KRC-1150
– Máy hút ẩm tích hợp lọc không khí
– Công suất: 680W
– Điện áp: 220-240V ~ 50-60 Hz
– Công suất 50 lít/ ngày
– Thân trắng, bảng điều khiển màu đen
– 3 tốc độ quạt
– 04 chế độ hút ẩm 55%, 50%, 45% và liên tục với HEPA
– Thể tích bình chứa 8 lít
– Chức năng hẹn giờ, khóa trẻ em
– Khí làm mát R290 thân thiện với môi trường
– Bảo hành tại nhà 24 tháng";6700000;;;;;;;;;;;;;;;;;;
13;Điện gia dụng;Máy lọc nước;MÁY LỌC NƯỚC HÒA PHÁT;HPR529;"Lưu lượng lọc:	15L/ h (Điều kiện phòng LAB)
Số vòi:	1
Số cấp lọc:	10
Kiểu lấy nước:	Núm vặn cơ
Màng lọc:	RO Htech 75 GPD nhập khẩu Thái Lan (vật liệu màng nhập khẩu Mỹ)
Hệ thống lọc thô:	3 lõi lọc thô (PP 5 micron, PP 5 micron, Than hoạt tính, PP 1 micron)
Các lõi chức năng:	6 lõi (T33 GAC, Maifan, Tourmaline, Hydrogen, Far Infrared, Nano Silver)
Hiệu suất lọc	50 - 55% (Điều kiện phòng LAB, nhiệt độ 25°C)
Bơm:	Bơm tăng áp Hòa Phát HP-ZX-50E
Điện áp:	220V/ 50Hz
Dung tích bình chứa:	3.2 G
Áp lực nước yêu cầu:	21/414 kPa
Chất lượng nước đầu vào:	Nước máy QCVN 02:2009/BYT
Chất lượng nước đầu ra:	QCVN 6-1:2010/BYT
Kích thước sản phẩm (R x C x S):	320 x 998 x 400 (mm)
Khối lượng sản phẩm:
Màu sắc khung tủ:	Nhựa đen - Khung thép sơn trắng";4000000;;;;;;;;;;;;;;;;;;
14;Điện gia dụng;Máy lọc nước;MÁY LỌC NƯỚC KAROFI;KAD-L85;"Màu sắc:        Đen
Kích thước:        320 x 415 x 990 mm
Khối lượng:        34 kg
Chất liệu vỏ:        Thép 
Công suất lọc        20L/h
Bình áp        5L
Hệ thống lọc        Hệ thống lọc 12 lõi Smax độc quyền: cụm lõi lọc thô Smax Pro V, màng RO, hệ thống lõi chức năng HP 6.2 thêm 1 lõi Nano Hydro-ion kiềm và và 1 lõi Hydro-ion kiềm
Các lõi chức năng        Bổ sung thêm lõi thay nhanh Hydro-ion kiềm, Nano Hydro-ion kiềm.Hệ lõi chức năng Smax hiệu suất cao HP 6.2: Mineral, ORP Alkaline, Hydrogen Plus, Tourmaline, T33-GAC, Nano Silver Plus.
Tỷ lệ thu hồi nước tinh khiết        Lên đến 60% (Trong điều kiện phòng lab, sử dụng linh kiện/ thiết bị đo lường tiêu chuẩn)
Số lượng vòi        2
Cụm lọc thô        3 lõi lọc thô Smax Pro V 1, Smax Pro V 2, Smax Pro V 3
Khuyến cáo điều kiện nước đầu vào        Nên sử dụng nguồn nước đầu vào đạt tiêu chuẩn nước sạch sinh hoạt QCVN 01-1:2018 để nước ra đạt để chất lượng nước đầu ra đạt QCVN 6-1:2010/BYT và đảm bảo tuổi thọ máy. Không dùng trực tiếp nguồn nước giếng khoan, nhiễm mặn, hoặc có độ cứng cao ...
Điện áp:        220V/50Hz
Công suất làm nóng:        430W
Công suất làm lạnh:        105W
Nhiệt độ nước Nóng (Nhiệt độ nước thực tế sẽ phụ thuộc vào nhiệt độ môi trường và thể tích nước lấy ra):        85 - 95 °C
Nhiệt độ nước lạnh (Nhiệt độ nước thực tế sẽ phụ thuộc vào nhiệt độ môi trường và thể tích nước lấy ra):        8 - 10 °C
Dung tích bình nóng:        2L
Dung tích bình lạnh:        2L
Màng lọc        RO 100 GPD thay nhanh Purifim sản xuất tại Mỹ";10500000;;;;;;;;;;;;;;;;;;
15;Điện gia dụng;Máy sấy;Máy sấy TOSHIBA;TD-H8SEV WK;"Màu sắc: WK (trắng)
Khối lượng giặt/sấy (kg): 7
Khối lượng tịnh (kg): 33
Nguồn điện: 220-240V/50Hz
Kích thước (RxSxC)mm: 595x555x840
Kích thước đóng gói (mm): 665x575x890
Xuất xứ: Trung Quốc";5800000;;;;;;;;;;;;;;;;;;
16;Điện gia dụng;Máy sấy;Máy sấy ELEXTROLUX;EDV804H3WC;"Loại máy: Sấy thông hơi
Khối lượng sấy: 8 Kg
Số người sử dụng: Từ 3 - 5 người
Động cơ: Truyền động gián tiếp (Dây curoa)
Chất liệu lồng sấy: Thép không gỉ
Úp ngược đặt lên máy giặt: Có
Cảm biến sấy khô: Có
Chất liệu vỏ máy: Thép sơn tĩnh điện
Chất liệu cửa: Nhựa 1 lớp
Dòng sản phẩm: 2024
Sản xuất tại: Thái Lan";9200000;;;;;;;;;;;;;;;;;;
17;Điện gia dụng;Máy sấy tóc;SẤY TÓC SUNHOUSE;SHD2305;"Công suất: 650W
Tốc độ sấy: 2 tốc độ
Kiểu dáng: Tay cầm gấp gọn
Chế độ bảo vệ: Tự ngắt khi quá nhiệt
Nhiệt độ tối đa: 50ºC - 70ºC
Nguồn điện áp: 220V / 50Hz
Kích thước - Khối lượng:
Ngang 19 cm - Cao 7 cm - Rộng 16 cm - Khối lượng 250g
Chiều dài dây điện: 145 cm
Thương hiệu của: Việt Nam
Sản xuất tại: Trung Quốc
Năm ra mắt: 2017
Hãng: Sunhouse.";150000;;;;;;;;;;;;;;;;;;
18;Điện gia dụng;Máy sấy tóc;SẤY TÓC SUNHOUSE;SHD2317;"Công suất: 1800W
Tốc độ sấy: 2 tốc độ, có sấy mát
Đầu sấy:
Đầu sấy hẹp
Kiểu dáng:
Tay cầm thẳng
Chế độ bảo vệ: Tự ngắt khi quá nhiệt
Tiện ích:
Có móc treo
Đầu sấy hẹp tạo kiểu tóc
Tấm nhiệt siêu bền
Nhiệt độ tối đa: 50ºC - 70ºC
Nguồn điện áp: 220V / 50Hz
Kích thước - Khối lượng:
Ngang 29.5 cm - Cao 27 cm - Rộng 9.5 cm - Khối lượng 600g
Chiều dài dây điện: 150 cm
Thương hiệu của: Việt Nam
Sản xuất tại: Trung Quốc
Năm ra mắt: 2019
Hãng: Sunhouse.";480000;;;;;;;;;;;;;;;;;;
19;Điện gia dụng;Máy xay sinh tố;MÁY XAY SINH TỐ SUNHOUSE;SHD5112;"Công suất	350 W
Dung tích cối xay	1 L
Màu sắc	Xanh
Khối lượng	2.5 kg
Khóa an toàn	Không
Tốc độ	2 tốc độ, 1 chế độ nhồi
Điện áp	220V/50Hz
Chức năng	Xay hoa quả, sinh tố + Xay thực phẩm khô
Chất liệu vỏ máy	Nhựa cao cấp siêu bền
Chất liệu cối xay	Thủy tinh chịu lực
Màn hình	Không
Lưới lọc	Không
Lưỡi dao xay	Inox cao cấp
Khả năng xay đá, đậu nành	Có
Bảng điều khiển	Nút bấm
Phụ kiện đi kèm	Không
Đặc điểm khác	Thiết kế gọn nhẹ, linh hoạt, an toàn khi sử dụng
2 cối linh hoạt
Thương hiệu	SUNHOUSE
Xuất xứ	Trung Quốc
Kích thước đóng hộp	200 x 170 x 388 (mm)
Bảo hành	12 tháng";350000;;;;;;;;;;;;;;;;;;
20;Điện gia dụng;Máy xay sinh tố;MÁY XAY SINH TỐ SUNHOUSE;SHD5322;"Công suất	220 W
Dung tích cối xay	1.25 L
Màu sắc	Đỏ
Khối lượng	2.5 kg
Khóa an toàn	Có
Tốc độ	2 tốc độ, 1 chế độ nhồi
Điện áp	220V~/50 Hz
Chức năng	Xay hoa quả, sinh tố + Xay thịt, cá, tôm + Xay thực phẩm khô
Chất liệu vỏ máy	Nhựa cao cấp
Chất liệu cối xay	Nhựa cao cấp
Màn hình	Không
Lưới lọc	Có
Lưỡi dao xay	Inox
Khả năng xay đá, đậu nành	Có
Bảng điều khiển	Núm xoay
Phụ kiện đi kèm	Thanh đẩy thực phẩm
Đặc điểm khác	3 cối linh hoạt
3 lưỡi dao xay riêng
Thương hiệu	SUNHOUSE
Xuất xứ	Trung Quốc
Bảo hành	12 tháng";850000;;;;;;;;;;;;;;;;;;
21;Điện gia dụng;Nồi chiên không dầu;NỒI CHIÊN KHÔNG DẦU SUNHOUSE;SHD4030;"Màu sắc	Đen
Chất liệu vỏ nồi	Nhựa PP siêu bền
Chất liệu ruột nồi	Thép sơn phủ chống dính
Dung tích	6.5 L
Công suất	1700 W
Điện áp	220 V~/50 Hz
Hẹn giờ	Có (1 – 60 phút)
Bảng điều khiển	Núm xoay
Đặc điểm khác	Công nghệ Rapid Air 360 độ
Thương hiệu	SUNHOUSE
Xuất xứ	Trung Quốc
Trọng lượng	4.8 Kg
Bảo hành	12 tháng";1200000;;;;;;;;;;;;;;;;;;
22;Điện gia dụng;Nồi chiên không dầu;NỒI CHIÊN KHÔNG DẦU SUNHOUSE;SHD4093;"Màu sắc	Đen – Bạc
Chất liệu vỏ nồi	Nhựa PP siêu bền
Chất liệu ruột nồi	Thép sơn phủ chống dính
Dung tích	10.5 L
Công suất	2000 W
Điện áp	220 V~/50 Hz
Hẹn giờ	Có (1 – 60 phút)
Màn hình	Cảm ứng
Thương hiệu	SUNHOUSE MAMA
Xuất xứ	Trung Quốc
Trọng lượng	6,5 Kg
Bảo hành	24 tháng";2000000;;;;;;;;;;;;;;;;;;
23;Điện gia dụng;Nồi cơm điện;NỒI CƠM ĐIỆN SUNHOUSE;SHD-8201;"Dung tích nồi	0.8 Lít
Chế độ	Nấu cơm, hâm nóng
Chất liệu lòng nồi	Hợp kim nhôm sơn chống dính FLEAD 2 lớp
Công suất	400W
Điện áp	220V~/50Hz
Bảng điều khiển	Nút cơ
Phụ kiện	Vỉ hấp, cốc đong gạo, thìa xới cơm, dây nguồn, HDSD
Thương hiệu	SUNHOUSE
Xuất xứ	Trung Quốc
Trọng lượng	1.8 kg
Bảo hành	12 tháng
Số người ăn	1 - 3 người
Công nghệ nấu	Mâm nhiệt";490000;;;;;;;;;;;;;;;;;;
24;Điện gia dụng;Nồi cơm điện;NỒI CƠM ĐIỆN SHAP;KS-NR181STV;"Nguồn điện nồi cơm điện	220 – 240V/ 50Hz – 60Hz
Dung Tích nồi cơm điện	1.8 L
Công suất nồi cơm điện	700 W
Trọng lượng nồi cơm điện	3.2 kg
Kích thước nồi cơm điện (RxSxC) mm	308 x 285 x 306";1350000;;;;;;;;;;;;;;;;;;
25;Điện gia dụng;Nồi áp suất;NỒI ÁP SUẤT ĐA NĂNG SUNHOUSE;SHD1552;"Dung tích nồi        5 lít
Chế độ/Chức năng        Đa chức năng nấu nướng: hầm gân, súp, cháo, gà, canh…
Màu sắc        Đỏ
Loại nồi        Nồi nắp rời
Chất liệu vỏ nồi        Thép phủ sơn tĩnh điện
Chất liệu lòng nồi        Hợp kim nhôm phủ chống dính Whitford (USA)
Công suất        900 W
Điện áp        220-240V/50Hz
Màn hình        Không
Bảng điều khiển        Núm xoay
Dây điện        Dây rời
Hẹn giờ        Không
Phụ kiện        Dây nguồn, Cốc đo, Muỗng, Sách HDSD
Đặc điểm khác        An toàn tuyệt đối trong quá trình sử dụng
Bảng điều khiển bằng tiếng Việt, dễ dàng sử dụng
Thương hiệu        SUNHOUSE
Bảo hành        12 tháng
Xuất xứ        Trung Quốc
Trọng lượng        4.36kg
Kích thước đóng hộp        320 x 320 x 350 (mm)";1050000;;;;;;;;;;;;;;;;;;
26;Điện gia dụng;Nồi áp suất;NỒI ÁP SUẤT ĐA NĂNG SUNHOUSE;SHD1756;"Dung tích nồi	6 lít
Chế độ/Chức năng	Đa chức năng nấu nướng: hầm gân, súp, cháo, gà, canh, nấu cơm, giữ ấm thực phẩm…
Màu sắc	Cà phê
Loại nồi	Nồi nắp liền
Chất liệu vỏ nồi	Thép phủ sơn tĩnh điện
Chất liệu lòng nồi	Hợp kim nhôm phủ chống dính Whitford (USA)
Công suất	1000 W
Điện áp	220V~/50Hz
Màn hình	Không
Bảng điều khiển	Núm xoay
Dây điện	Dây rời
Hẹn giờ	Không
Phụ kiện	Dây nguồn, Muỗng lấy cơm, Cốc đo
Đặc điểm khác	Bảng điều khiển bằng Tiếng Việt, dễ dàng khi sử dụng
An toàn tuyệt đối trong quá trình sử dụng
Thương hiệu	SUNHOUSE
Bảo hành	12 tháng
Xuất xứ	Trung Quốc
Trọng lượng	5.3 kg";1500000;;;;;;;;;;;;;;;;;;
27;Điện gia dụng;Tủ sấy quần áo;TỦ SẤY QUẦN ÁO SUNHOUSE;SHD2702;"Mã sản phẩm	SHD2702
Phương pháp sấy khô	Sấy khô tĩnh học (Nhiệt đối lưu)
Chức năng	Sấy khô - Treo trữ đồ
Công suất	900 W
Điện áp	220V~/50 Hz
Khối lượng sấy	10 kg
Thời gian sấy tối đa	180 phút
Bảng điều khiển	Núm xoay
Đèn UV diệt khuẩn	Không
Kích thước lồng sấy	70x45x150 cm
Kích thước đóng hộp	70x24x28 cm
Khối lượng	2.8 kg
Bảo hành	12 tháng
Thương hiệu	SUNHOUSE
Xuất xứ	Trung Quốc";1000000;;;;;;;;;;;;;;;;;;
28;Điện gia dụng;Tủ sấy quần áo;TỦ SẤY QUẦN ÁO SUNHOUSE;SHD2707;"Mã sản phẩm	SHD2707
Phương pháp sấy khô	Sấy khô tĩnh học (Nhiệt đối lưu)
Chức năng	Sấy khô - Treo trữ đồ
Công suất	1500 W
Điện áp	220V~/50 Hz
Khối lượng sấy	15 kg
Thời gian sấy tối đa	180 phút
Bảng điều khiển	Bảng điện tử
Đèn UV diệt khuẩn	Không
Phụ kiện	Điều khiển từ xa
Kích thước lồng sấy	87x44x180 cm
Kích thước đóng hộp	85x21x22 cm
Khối lượng	6.3 kg
Bảo hành	12 tháng
Thương hiệu	SUNHOUSE
Xuất xứ	Trung Quốc";1550000;;;;;;;;;;;;;;;;;;
29;Điện gia dụng;Ấm siêu tốc;ẤM SIÊU TỐC KORICHI;KRC-5318;"– Công suất: 1850W
– Điện áp: 220V ~ 50 Hz
– Dung tích: 1.8L
– Chất liệu kính chịu nhiệt tới 800 độ C
– Rơ le tự ngắt khi sôi
– Đèn led";250000;;;;;;;;;;;;;;;;;;
30;Điện gia dụng;Ấm siêu tốc;ẤM SIÊU TỐC SUNHOUSE;SHD1382;"Dung tích	1.7 lít
Màu sắc	Xanh
Thân ấm	2 lớp (inox 304 và nhựa PP)
Điện áp	220V – 50Hz
Công suất	1800W
Nắp ấm	Nhựa chịu nhiệt siêu bền
Tay cầm	Nhựa chịu nhiệt siêu bền
Nút mở	Nút ấn tại nắp
Công tắc nguồn	Nút bấm
Rơ-le	Tự động ngắt khi nước sôi, cạn nước hoặc ấm quá nóng
Đế tiếp điện	Đế tiếp điện xoay 360 độ
Đèn báo	Đèn tự động báo hiệu bật/tắt
Vạch báo mức nước	Không
Thương hiệu	SUNHOUSE
Xuất xứ	Trung Quốc
Trọng lượng	0.93 kg
Bảo hành	18 tháng";520000;;;;;;;;;;;;;;;;;;
31;Điện gia dụng;Ấm đun nước;ẤM ĐUN NƯỚC ĐẠT TƯỜNG;DL-04;"- Nhãn hiệu: ĐẠT TƯỜNG.

- Mã SP : DTDL04.

- Chất liệu : Inox ngoại nhập dày 0.04mm.

- Quai ấm: Núm vung làm bằng nhựa chống cháy.

- Dung tích : 5L.

- Công suất 1500W.

- Điện áp: 220V - 50Hz.

- Sản xuất : CÔNG TY CỔ PHẦN SẢN XUẤT VÀ THƯƠNG MẠI ĐẠT TƯỜNG.

";310000;;;;;;;;;;;;;;;;;;
32;Điện gia dụng;Ấm đun nước;ẤM ĐUN NƯỚC ĐẠT TƯỜNG;DL-08;"- Nhãn hiệu: ĐẠT TƯỜNG.

- Mã SP : DTDL-08XANH.

- Chất liệu : Inox ngoại nhập.

- Quai ấm: Núm vung làm bằng nhựa chống cháy.

- Dung tích : 5L.

- Công suất 1500W.

- Điện áp: 220V - 50Hz.

- Sản xuất : CÔNG TY CỔ PHẦN SẢN XUẤT VÀ THƯƠNG MẠI ĐẠT TƯỜNG.";350000;;;;;;;;;;;;;;;;;;
33;Điện lạnh;Tủ lạnh;Tủ lạnh Toshiba;RF-675WI PGV06 MG;"Kiểu tủ: Multi Door - 4 cánh
Dung tích tổng: 567 lít
Dung tích sử dụng: 515 lít - 4 - 5 người
Dung tích ngăn đá: 170 lít
Dung tích ngăn lạnh: 345 lít
Chất liệu cửa tủ lạnh: Mặt thép
Chất liệu khay ngăn lạnh: Kính chịu lực
Chất liệu ống dẫn gas, dàn lạnh:
Ống dẫn gas hợp kim - Lá tản nhiệt bằng nhôm
Năm ra mắt: 2024
Sản xuất tại: Trung Quốc";15500000;;;;;;;;;;;;;;;;;;
34;Điện gia dụng;Máy giặt;Máy giặt sấy PANASONIC;S106FC1LVT;"Loại máy giặt: Máy giặt sấy
Lồng giặt: Lồng ngang
Khối lượng giặt: Giặt 10 Kg - Sấy 6 Kg
Số người sử dụng: Từ 5 - 7 người
Kiểu động cơ: Truyền động gián tiếp (dây Curoa)
Tốc độ quay vắt tối đa: 1400 vòng/phút
Chất liệu lồng giặt: Thép không gỉ
Chất liệu vỏ máy: Kim loại sơn tĩnh điện
Chất liệu nắp máy: Đang cập nhật
Chất liệu cửa máy: Kính chịu lực
Sản xuất tại: Việt Nam
Năm ra mắt: 2022
Thời gian bảo hành động cơ: 12 năm";14200000;;;;;;;;;;;;;;;;;;
35;Điện lạnh;Tủ đông;Tủ đông HÒA PHÁT;HPF AD6783;"Loại tủ: Tủ đông
Dung tích tổng: 783 lít
Dung tích sử dụng: 783 lít - Ngăn đông 783 lít
Số cửa: 2 cửa
Số ngăn: 1 ngăn đông
Công suất danh định: 145W
Điện năng tiêu thụ: 3.48 kWh/ngày
Nhiệt độ ngăn đông (độ C): ≤ -18˚C
Công nghệ tích hợp:
Làm lạnh trực tiếp
Làm lạnh 5D
Công nghệ Extra Freezing
Chất liệu dàn lạnh: Đồng
Chất liệu lòng tủ: Nhôm sơn tĩnh điện
Chất liệu bên ngoài:
Thân tủ: Tôn sơn tĩnh điện, Cửa tủ: Tôn sơn tĩnh điện
Tiện ích:
Nút điều chỉnh nhiệt độ bên ngoài tủ
Khoá cửa tủ
Xẻng cạo tuyết
Giỏ đựng đồ
Lỗ thoát nước
Bánh xe
Kích thước, khối lượng:
Cao 91.6 cm - Ngang 206.6 cm - Sâu 82.9 cm - Nặng 85 kg
Loại Gas: R290
Độ ồn: 55 - 65 dB
Thương hiệu của: Việt Nam
Sản xuất tại: Việt Nam
Năm ra mắt: 2023
Hãng: Hoà Phát.";14200000;;;;;;;;;;;;;;;;;;
36;Điện lạnh;Tủ lạnh;Tủ lạnh Sharp;SJ-SBX440VG-BK;"Kiểu tủ:
Tủ lớn - Side by Side - 2 cánh
Dung tích tổng: 472 lít
Dung tích sử dụng: 442 lít - 4 - 5 người
Dung tích ngăn đá: 151 lít
Dung tích ngăn lạnh: 291 lít
Chất liệu cửa tủ lạnh: Kính cường lực
Chất liệu khay ngăn lạnh: Kính chịu lực
Chất liệu ống dẫn gas, dàn lạnh:
Ống dẫn gas bằng Đồng và Sắt - Lá tản nhiệt bằng Nhôm
Năm ra mắt: 2022
Sản xuất tại: Trung Quốc";13500000;;;;;;;;;;;;;;;;;;
37;Điện lạnh;Tủ lạnh;Tủ lạnh Panasonic;NR-BV331CPKV;"Thể tích thực 
Tổng cộng 300 L
Ngăn lạnh (PC): 203 L
Ngăn đông (FC): 97 L
Ngăn rau quả (VC)
Kích thước sản phẩm (RxSxC): 601 x 653 x 1,680 mm
Loại xả băng
Điều khiển PCB điện
Tiêu chuẩn / Quy định
QCVN 9:2012/BKHCN
TCVN 7828:2016, TCVN 7829:2016
Mức tiêu thụ năng lượng: 362 kWh/năm
Mức năng lượng: 5 Sao
Trọng lượng tịnh: 56 kg
Tổng trọng lượng: 62kg
Điện áp: 220 V
Héc: 50 Hz
Số cửa: 2
Màu cửa: Đen
Vật liệu cửa: Kim loại (DCM)
Bảng điều khiển: Bên trong";13500000;;;;;;;;;;;;;;;;;;
38;Điện tử;Tivi;Ti vi SAMSUNG;65 DU7700;"Thông số kỹ thuật

Độ phân giải: 4K (3,840 x 2,160)
HDMI: 3
USB: 1 x USB-A
Loại sản phẩm: LED
Hiển Thị
Kích thước màn hình: 65""
Tần số quét: 50Hz
Độ phân giải: 4K (3,840 x 2,160)
Video
Engine Hình ảnh: Crystal Processor 4K
HDR (High Dynamic Range): HDR
HDR 10+: Support
Contrast: Mega Contrast
Micro Dimming: UHD Dimming
Nâng cấp Tương phản: Yes
Motion Technology: Motion Xcelerator
AI Upscale: 4K Upscaling
Filmmaker Mode (FMM): Yes
Âm thanh
Adaptive Sound: Adaptive Sound
Object Tracking Sound: OTS Lite
Q-Symphony: Yes
Đầu ra âm thanh (RMS): 20W
Loại loa: 2CH
Kết nối đa phòng: No
Smart Service
Operating System: Tizen™ Smart TV
Bixby: Yes
Works with AI Speaker: Google Assistant (SG only)
Trình duyệt Web: Có
SmartThings Hub / Matter Hub / IoT-Sensor Functionality / Quick Remote: Yes
Smart Feature
Multi Device Experience: Mobile to TV, Sound Mirroring, Wireless TV On 
NFT: Nifty Gateway
Apple AirPlay: Yes
Daily+: Yes
Game Feature
Auto Game Mode (ALLM): Yes
VRR: Yes
HGiG: Yes
Tuner/Broadcasting
Truyền thanh Kỹ thuật số: DVB-T2 (*VN: DVB-T2C)
Bộ dò đài Analog: Yes
Data Broadcasting: HbbTV 2.0.3 (SG)
TV Key Support: Yes
Kết Nối
Wi-Fi: Yes (Wi-Fi 5)
Bluetooth: Yes (BT5.2)
HDMI: 3
HDMI (High Frame Rate): 4K 60Hz (for HDMI 1/2/3)
HDMI Audio Return Channel: eARC/ARC
Anynet+ (HDMI-CEC): Có
USB: 1 x USB-A
Ethernet (LAN): 1
RF In (Terrestrial / Cable input): 1/1(Common Use for Terrestrial)/0
Thiết kế
Thiết kế: Slim Look
Loại Bezel: 3 Bezel-less
Loại Mỏng: Slim look
Mặt trước: TITAN GRAY
Dạng chân đế: FLAT FEET
Stand Color: TITAN GRAY
Tính năng Phụ
Embeded POP: Có
EPG: Có
IP Control: Yes
Ngôn ngữ OSD: Local Languages
Khả năng truy cập
Accessibility - Voice Guide: UK English, China Chinese, Korean, Indonesia, Vietnamese
Low Vision Support: Audio Description, Zoom Menu and Text, High Contrast, SeeColors, Color Inversion, Grayscale, Auto Picture Off
Hearing Impaired Support: Closed Caption (Subtitle), Multi-output Audio, Sign Language Zoom
Motor Impaired Support: Slow Button Repeat, Remote Control App. for All
Power & Eco Solution
Nguồn cấp điện: AC100-240V~ 50/60Hz
Mức tiêu thụ nguồn (Tối đa): 170 W
Cảm biến Eco: Có
Tiêu chuẩn tiết kiệm năng lượng: 5
Mức tiêu thụ điện hàng năm (chuẩn châu Âu): N/A kWh
Tự động tắt nguồn: Có
Auto Power Saving: Yes
Kích thước
Package Size (WxHxD): 1606 x 950 x 179 mm
Set Size with Stand (WxHxD): 1452.9 x 879.5 x 267.4 mm
Set Size without Stand (WxHxD): 1452.9 x 834.0 x 60.6 mm
Stand (Basic) (WxD): 1025.5 x 267.4 mm
Stand (Minimum) (WxD): 303.9 x 267.4 mm
VESA Spec: 400 x 300 mm
Trọng lượng
Thùng máy: 23 kg
Có chân đế: 16.4 kg
Không có chân đế: 15.9 kg
Phụ kiện
Model bộ điều khiển từ xa: TM2360E (VN TM2360G)
No Gap Wall-mount (Y21 VESA): Yes
Optional Stand Support (Y20 Studio): Yes
Mini Wall Mount Support: Có
Full Motion Slim Wall Mount (Y22): Yes
Webcam Support: Yes
Zigbee / Thread Module: Dongle Support
Hướng dẫn Người dùng: Có
Cáp nguồn: Có";13000000;;;;;;;;;;;;;;;;;;
39;Điện tử;Tivi;TIVI LG;65UA7350PSB;"Thương hiệu	
LG
Mã sản phẩm	
65UA7350PSB
Loại Tivi:	
Smart TV
Kích thước màn hình:	
65 inch
Độ phân giải:	
4K UltraHD (3840x2160px)
Khối lượng có chân:	
14.5 kg
Năm ra mắt:	
2025
Kích thước có chân:	
Ngang 144.6 cm - Cao 89.4 cm - Dày 30.9 cm
Kích thước không chân đế:	
Ngang 144.6 cm - Cao 83.4 cm - Dày 5.99 cm
Khối lượng không chân:	
14.5 Kg
Bluetooth:	
v5.1
Kết nối Internet:	
Ethernet (LAN)
WiFi 5
Cổng AV:	
Cổng Composite
Cổng xuất âm thanh:	
eARC (HDMI 1)
Hệ điều hành, giao diện:	
WebOS
Các ứng dụng sẵn có:	
Web Browser
YouTube
Netflix
Kết nối không dây với điện thoại, máy tính bảng:	
Chiếu màn hình qua AirPlay 2
Kết nối Bàn phím, chuột:	
Có
Tương tác thông minh:	
Tìm kiếm bằng giọng nói (có hỗ trợ tiếng Việt)
Kết nối âm thanh Bluetooth
Kết nối điện thoại thông minh - Mobile Connection
ThinQ
Tiện Ích:	
Điều khiển tivi bằng điện thoại
Điều khiển bằng giọng nói
Multi View chia nhỏ màn hình tivi
Kết nối ứng dụng các thiết bị trong nhà
Tích hợp MS Copilot
Trình duyệt web toàn màn hình
Remote thông minh
Chiếu hình từ điện thoại lên TV
Các tính năng AI (AI Agent, AI Concierge, AI Chatbot, AI Search)
Công nghệ hình ảnh:	
Hiệu chuẩn tự động Chế độ HGIG VRR (Variable Refresh Rate)
Dynamic Tone Mapping Tăng cường biểu cảm 4K
HDR (High Dynamic Range) FILMMAKER MODE™ Auto Calibration
Hiệu chuẩn tự động Auto Calibration
Công nghệ âm thanh:	
Clear Voice Pro
LG Sound Sync
AI Sound (Âm thanh AI)
Sound Mode Share (Chế độ chia sẻ âm thanh) WOW Orchestra
Tổng công suất loa:	
20W
Bảo hành	
24 tháng
Xuất xứ	
Indonesia";12900000;;;;;;;;;;;;;;;;;;
40;Điện lạnh;Tủ lạnh;Tủ lạnh Shap;SJ-FX420V-SL;"THÔNG SỐ KĨ THUẬT TỦ LẠNH (-)
Số cửa tủ:	4
Dung tích tổng (L):	404
Dung tích thực (L):	362
Dung tích thực ngăn đông (L):	125
Dung tích thực ngăn mát (L):	237
Chiều rộng (mm):	795
Chiều cao (mm):	1800
Chiều sâu (mm)	610
Môi chất lạnh:	R600a/66g
Màu sắc:	Xám
Chất liệu cửa tủ:	INOX
Khối lượng tủ (kg):	79
CÔNG NGHỆ (-)
Inverter:	Có
Công nghệ diệt khuẩn:	Anti-bacterial deodorizer
Khử mùi:	Có
TÍNH NĂNG CỦA TỦ LẠNH (-)
Bảng điều khiển:	Cảm ứng (bên ngoài)
Màn hình hiển thị nhiệt độ bên ngoài:	Có
Cấp đông nhanh:	Có (Express Freezing -22⁰C)
CẤU TẠO NGĂN MÁT (-)
Hệ thống đèn - ngăn mát:	LED
Ngăn/hộc giữ tươi:	Có
Ngăn/hộc rau, quả, trái cây:	Có
Vỉ (ngăn) trứng:	Có
Khay kính chịu lực - ngăn mát:	Có
Ngăn đựng tại cửa tủ ngăn mát:	4 ngăn
CẤU TẠO NGĂN ĐÔNG (-)
Vị trí ngăn đông:	Bên dưới
Vỉ đá viên	Có
Hộc thực phẩm:	4 Hộc";12500000;;;;;;;;;;;;;;;;;;
41;Điện lạnh;Tủ lạnh;Tủ lạnh Toshiba;RS696W1 PMV60-AG;"Kiểu tủ:
Tủ lớn - Side by Side - 2 cánh
Dung tích tổng:
611 lít
Dung tích sử dụng:
555 lít - Trên 5 người
Dung tích ngăn đá:
206 lít
Dung tích ngăn lạnh:
349 lít
Chất liệu cửa tủ lạnh:
Mặt thép
Chất liệu khay ngăn lạnh:
Kính chịu lực
Chất liệu ống dẫn gas, dàn lạnh:
Ống dẫn gas bằng Sắt và Đồng - Lá tản nhiệt bằng Nhôm
Năm ra mắt:
2024
Sản xuất tại:
Trung Quốc";12250000;;;;;;;;;;;;;;;;;;
42;Điện lạnh;Tủ đông;Tủ đông HÒA PHÁT;HPF AD6544;"Loại tủ:
Tủ đông
Dung tích tổng:
544 lít
Dung tích sử dụng:
544 lít - Ngăn đông 544 lít
Số cửa:
2 cửa
Số ngăn:
1 ngăn đông
Công suất danh định:
120W
Điện năng tiêu thụ:
2.88 kWh/ngày
Nhiệt độ ngăn đông (độ C):
≤ -18˚C
Công nghệ tích hợp:
Làm lạnh trực tiếp
Công nghệ Extra Freezing
Chất liệu dàn lạnh:
Đồng
Chất liệu lòng tủ:
Nhôm sơn tĩnh điện
Chất liệu bên ngoài:
Thân tủ: Tôn sơn tĩnh điện, Cửa tủ: Tôn sơn tĩnh điện
Tiện ích:
Nút điều chỉnh nhiệt độ bên ngoài tủ
Khoá cửa tủ
Xẻng cạo tuyết
Giỏ đựng đồ
Lỗ thoát nước
Bánh xe
Kích thước, khối lượng:
Cao 90.9 cm - Ngang 170 cm - Sâu 72 cm - Nặng 70 kg
Loại Gas:
R290
Độ ồn:
55 - 65 dB
Thương hiệu của:
Việt Nam
Sản xuất tại:
Việt Nam
Năm ra mắt:
2023
Hãng:
Hoà Phát.";11900000;;;;;;;;;;;;;;;;;;
43;Điện gia dụng;Máy giặt;Máy giặt Elextrolux;EWF1023P5SC;"Loại máy giặt:
Cửa trước
Lồng giặt:
Lồng ngang
Khối lượng giặt:
10 Kg
Số người sử dụng:
Từ 5 - 7 người
Kiểu động cơ:
Truyền động gián tiếp (dây Curoa)
Tốc độ quay vắt tối đa:
1200 vòng/phút
Chất liệu lồng giặt:
Thép không gỉ
Chất liệu vỏ máy:
Kim loại sơn tĩnh điện
Chất liệu cửa máy:
Nhựa ABS + Kính cường lực
Sản xuất tại:
Thái Lan
Năm ra mắt:
2024
Thời gian bảo hành động cơ:
10 năm";11400000;;;;;;;;;;;;;;;;;;
44;Điện gia dụng;Máy sấy;Máy sấy ELEXTROLUX;EDV904N3SC;"Loại máy:
Sấy thông hơi
Khối lượng sấy:
9 Kg
Số người sử dụng:
Từ 3 - 5 người
Động cơ:
Truyền động gián tiếp (Dây curoa)
Chất liệu lồng sấy:
Thép không gỉ
Úp ngược đặt lên máy giặt:
Có
Cảm biến sấy khô:
Có
Chất liệu vỏ máy:
Thép sơn tĩnh điện
Chất liệu cửa:
Nhựa 1 lớp
Dòng sản phẩm:
2024
Sản xuất tại:
Thái Lan";11000000;;;;;;;;;;;;;;;;;;
45;Điện lạnh;Tủ lạnh;Tủ lạnh Shap;SJ-FXPI700V-GBK;"Kiểu tủ:
Multi Door - 4 cánh
Dung tích tổng:
678 lít
Dung tích sử dụng:
611 lít - Trên 5 người
Dung tích ngăn đá:
216 lít
Dung tích ngăn lạnh:
395 lít
Chất liệu cửa tủ lạnh:
Mặt kính
Chất liệu khay ngăn lạnh:
Kính cường lực
Chất liệu ống dẫn gas, dàn lạnh:
Ống dẫn gas bằng Nhôm - Lá tản nhiệt bằng Nhôm
Năm ra mắt:
2025
Sản xuất tại:
Thái Lan";27500000;;;;;;;;;;;;;;;;;;
46;Điện lạnh;Tủ lạnh;Tủ lạnh Hitachi;R-FW690PGV7 GBK;"Ngăn đá trên
Model	R-FW690PGV7
Số cửa	4 cửa
Dòng	Big French
Tiêu chuẩn
Cửa kính
Dung tích (Tổng / Danh định) (L)	586 / 540
Dung tích sử dụng (L)	Dung tích ngăn đá : 144
Kích thước (mm)	Rộng : 855
Cao : 1835
Sâu bao gồm tay cầm : 737
Sâu không bao gồm tay cầm : 727
INVERTER x Hệ Thống Quạt Kép
Ngăn lạnh	Ngăn trữ chuyển đổi
Khay kính cường lực
Bình chứa nước với bộ lọc (lấy nước bên ngoài)
Đèn LED
Ngăn rau quả dung tích lớn với lớp giữ ẩm
Ngăn đá	Khay đá xoay di chuyển được
Cấp đông nhanh
Khay kính cường lực
Đèn LED
Tính năng khác	Cảm biến kép thông minh (Cảm biến nhiệt Eco)
Lấy nước bên ngoài
Bảng điều khiển cảm ứng
Màng lọc Nano Titanium
Chuông báo rò rỉ khí lạnh
Tính năng chung	Chất làm lạnh R-600a / Không CFC / Không HFC / Không đóng tuyết/ Đệm kín cửa chống mốc
Màu	Đen thủy tinh (GBK) / Nâu thủy tinh (GBW)
Nguồn điện (Điện áp, tần số)	220-240V, 50Hz
Nhãn năng lượng	Tiêu chuẩn Việt Nam : TCVN7828:2016, TCVN7829:2016
Cấp hiệu suất năng lượng : 5 sao
Sản xuất tại	Thái Lan";21500000;;;;;;;;;;;;;;;;;;
47;Điện tử;Tivi;Ti vi SAMSUNG;75 DU8000;"Thông số kỹ thuật
Tổng quan
Độ phân giải

4K (3,840 x 2,160)

HDMI

3

USB

2 x USB-A

Loại sản phẩm
LED

Hiển Thị
Kích thước màn hình

75""

Tần số quét

50Hz

Độ phân giải

4K (3,840 x 2,160)

Video
Engine Hình ảnh

Crystal Processor 4K

HDR (High Dynamic Range)

HDR

HDR 10+

Support

Contrast

Mega Contrast

Micro Dimming

UHD Dimming

Nâng cấp Tương phản

Yes

Motion Technology

Motion Xcelerator

AI Upscale

4K Upscaling

Filmmaker Mode (FMM)

Yes

Âm thanh
Adaptive Sound

Adaptive Sound

Object Tracking Sound

OTS Lite

Q-Symphony

Yes

Đầu ra âm thanh (RMS)

20W

Loại loa

2CH

Kết nối đa phòng

No

Smart Service
Operating System

Tizen™ Smart TV

Bixby

Yes

Works with AI Speaker

Google Assistant (SG only)

Trình duyệt Web

Có

SmartThings Hub / Matter Hub / IoT-Sensor Functionality / Quick Remote

Yes

Smart Feature
Multi Device Experience

Mobile to TV, Sound Mirroring, Wireless TV On, Tap View

NFT

Nifty Gateway

Apple AirPlay

Yes

Daily+

Yes

Game Feature
Auto Game Mode (ALLM)

Yes

HGiG

Yes

Tuner/Broadcasting
Truyền thanh Kỹ thuật số

DVB-T2 (*VN: DVB-T2C)

Bộ dò đài Analog

Yes

Data Broadcasting

HbbTV 2.0.3 (SG)

TV Key Support

Yes

Kết Nối
Wi-Fi

Yes (Wi-Fi 5)

Bluetooth

Yes (BT5.2)

HDMI

3

HDMI (High Frame Rate)

4K 60Hz (for HDMI 1/2/3)

HDMI Audio Return Channel

eARC/ARC

Anynet+ (HDMI-CEC)

Có

USB

2 x USB-A

Ethernet (LAN)

1

Cổng Digital Audio Out (Optical)

1

RF In (Terrestrial / Cable input)

1/1(Common Use for Terrestrial)/0

Thiết kế
Thiết kế

AirSlim

Loại Bezel

3 Bezel-less

Loại Mỏng

Slim look

Mặt trước

TITAN GRAY

Dạng chân đế

FLAT LIFT

Stand Color

TITAN GRAY

Tính năng Phụ
Embeded POP

Có

EPG

Có

IP Control

Yes

Ngôn ngữ OSD

Local Languages

Khả năng truy cập
Accessibility - Voice Guide

UK English, China Chinese, Korean, Indonesia, Vietnamese

Low Vision Support

Audio Description, Zoom Menu and Text, High Contrast, SeeColors, Color Inversion, Grayscale, Auto Picture Off

Hearing Impaired Support

Closed Caption (Subtitle), Multi-output Audio, Sign Language Zoom

Motor Impaired Support

Slow Button Repeat, Remote Control App. for All

Power & Eco Solution
Nguồn cấp điện

AC100-240V~ 50/60Hz

Mức tiêu thụ nguồn (Tối đa)

260 W

Cảm biến Eco

Có

Tiêu chuẩn tiết kiệm năng lượng

5

Mức tiêu thụ điện hàng năm (chuẩn châu Âu)

N/A kWh

Tự động tắt nguồn

Có

Auto Power Saving

Yes

Kích thước
Package Size (WxHxD)

1834 x 1110 x 190 mm

Set Size with Stand (WxHxD)

1676.7 x 1003.4 x 331.9 mm

Set Size without Stand (WxHxD)

1676.7 x 960.3 x 26.6 mm

Stand (Basic) (WxD)

1266.8 x 331.9 mm

Stand (Minimum) (WxD)

1046.7 x 331.9 mm

VESA Spec

400 x 400 mm

Trọng lượng
Thùng máy

42.3 kg

Có chân đế

32 kg

Không có chân đế

31.4 kg

Phụ kiện
Model bộ điều khiển từ xa

TM2360E

No Gap Wall-mount (Y21 VESA)

Yes

Full Motion Slim Wall Mount (Y22)

Yes

Webcam Support

Yes

Zigbee / Thread Module

Dongle Support

Hướng dẫn Người dùng

Có

Cáp nguồn

Có";19500000;;;;;;;;;;;;;;;;;;
48;Điện lạnh;Tủ lạnh;Tủ lạnh SamSung;RF48A4010B4;"Kiểu tủ:
Multi Door - 4 cánh
Dung tích tổng:
511 lít
Dung tích sử dụng:
488 lít - 4 - 5 người
Dung tích ngăn đá:
159 lít
Dung tích ngăn lạnh:
329 lít
Chất liệu cửa tủ lạnh:
Thép không gỉ
Chất liệu khay ngăn lạnh:
Kính chịu lực
Chất liệu ống dẫn gas, dàn lạnh:
Ống dẫn gas bằng Đồng - Lá tản nhiệt bằng Nhôm
Năm ra mắt:
2021
Sản xuất tại:
Trung Quốc";17800000;;;;;;;;;;;;;;;;;;
49;Điện lạnh;Tủ lạnh;Tủ lạnh Panasonic;NR-471WGKV;"Dung tích (TCVN 7828:2016)
Tổng cộng
420 L
Ngăn lạnh (PC)
308 L
Ngăn đông (FC)
112 L
Ngăn rau quả (VC)
-
Kích thước sản phẩm (RxSxC)
686 x 697 x 1790 mm
Loại xả băng
Điều khiển PCB điện
Tiêu chuẩn / Quy định
TCVN 7828:2016/TCVN7829:2016
Trọng lượng tịnh
74 kg
Tổng trọng lượng
81 kg
Điện áp
220 V
Héc
50 Hz
Số cửa
2
Màu cửa
Đen
Vật liệu cửa
Gương kính
Bảng điều khiển
Có (Bên ngoài cửa tủ lạnh/Bảng điều khiển cảm ứng tĩnh điện)
NGĂN LẠNH (PC)
Ngăn bảo quản rau củ quả
Ngăn rau quả (Fresh Safe)
Ngăn chứa chuyên biệt
Có (Prime Fresh+)
Ngăn cửa
Có
Giá đựng có thể điều chỉnh
Có
Giá trượt 1-2
-
Vật liệu của giá
Kính cường lực
Khay đựng trứng
Có
Hộp tiện ích
-
Ngăn lấy nước ngoài kháng khuẩn
-
Đèn LED
Có
Điều chỉnh công suất
Có
Bộ Lọc Tinh Thể Bạc (Ag Clean)
Có
Blue Ag
Có (Ngăn đông mềm Prime Fresh)";16500000;;;;;;;;;;;;;;;;;;
50;Điện lạnh;Tủ lạnh;Tủ lạnh SamSung;RF48A4000B4;"Thông số kỹ thuật

Tổng quan
Dung tích thực (Lít)

488 ℓ

Chiều rộng (mm)

833 mm

Chiều cao thực có bản lề (mm)

1793 mm

Chiều sâu với tay cầm cửa (mm)

740 mm

Khối lượng thực (kg)

99 kg

Công nghệ làm lạnh

Twin Cooling Plus

Capacity
Dung tích thực (Lít)

488 ℓ

Dung tích thực ngăn đông(Lít)

159 ℓ

Dung tích thực ngăn mát (Lít)

329 ℓ

Đặc điểm kỹ thuật
Chiều rộng (mm)

833 mm

Chiều cao thực có bản lề (mm)

1793 mm

Chiều cao thực không có bản lề (mm)

1775 mm

Chiều sâu với tay cầm cửa (mm)

740 mm

Chiều sâu không có tay cầm cửa (mm)

740 mm

Chiều sâu không có cửa (mm)

655 mm

Chiều ngang nguyên kiện (mm)

890 mm

Chiều cao nguyên kiện (mm)

1875 mm

Độ sâu nguyên kiện(mm)

775 mm

Khối lượng thực (kg)

99 kg

Khối lượng nguyên kiện (kg)

109 kg

Tính năng làm lạnh
Công nghệ No Frost

Yes

Công nghệ làm lạnh

Twin Cooling Plus

Đặc điểm ngăn lạnh
Bộ lọc khử mùi

Yes

Số lượng kệ

3 EA

Wine Rack

No

Chất liệu khay kệ

Tempered Glass

Ngăn chứa rau củ quả

2 EA

Số lượng khay chứa

6 EA

Ngăn trữ trứng

Yes

Làm lạnh nhanh Power Cool

Yes

Đèn LED bên trong

Top LED

Đặc điểm ngăn đông
Hệ thống làm đá

Twist Ice maker

Chất liệu khay kệ

Tempered Glass

Số lượng kệ

4 EA

Ngăn chứa

2 EA

Làm đông nhanh Power Freeze

Yes

Tính năng chung
Cảnh báo khi cửa tủ chưa đóng kín Door Alarm

Yes

Máy nén

Digital Inverter Compressor

Đặc điểm ngoại thất
Màn hình thông minh

External

Loại tay cầm

Recess

Màu sắc

Đen

Công suất
Vacation Mode

Yes

Năng lượng
Energy Star Rating

4 Star";15500000;;;;;;;;;;;;;;;;;;
;;;;;;;;;;;;;;;;;;;;;;;;
;;;;;;;;;;;;;;;;;;;;;;;;
;;;;;;;;;;;;;;;;;;;;;;;;
;;;;;;;;;;;;;;;;;;;;;;;;
;;;;;;;;;;;;;;;;;;;;;;;;
;;;;;;;;;;;;;;;;;;;;;;;;
;;;;;;;;;;;;;;;;;;;;;;;;
;;;;;;;;;;;;;;;;;;;;;;;;
;;;;;;;;;;;;;;;;;;;;;;;;
;;;;;;;;;;;;;;;;;;;;;;;;
;;;;;;;;;;;;;;;;;;;;;;;;
;;;;;;;;;;;;;;;;;;;;;;;;
;;;;;;;;;;;;;;;;;;;;;;;;
;;;;;;;;;;;;;;;;;;;;;;;;
;;;;;;;;;;;;;;;;;;;;;;;;
;;;;;;;;;;;;;;;;;;;;;;;;
;;;;;;;;;;;;;;;;;;;;;;;;
;;;;;;;;;;;;;;;;;;;;;;;;
;;;;;;;;;;;;;;;;;;;;;;;;
;;;;;;;;;;;;;;;;;;;;;;;;
;;;;;;;;;;;;;;;;;;;;;;;;
;;;;;;;;;;;;;;;;;;;;;;;;
;;;;;;;;;;;;;;;;;;;;;;;;
;;;;;;;;;;;;;;;;;;;;;;;;
;;;;;;;;;;;;;;;;;;;;;;;;
;;;;;;;;;;;;;;;;;;;;;;;;
;;;;;;;;;;;;;;;;;;;;;;;;
;;;;;;;;;;;;;;;;;;;;;;;;
;;;;;;;;;;;;;;;;;;;;;;;;
;;;;;;;;;;;;;;;;;;;;;;;;
;;;;;;;;;;;;;;;;;;;;;;;;
;;;;;;;;;;;;;;;;;;;;;;;;
;;;;;;;;;;;;;;;;;;;;;;;;
;;;;;;;;;;;;;;;;;;;;;;;;
;;;;;;;;;;;;;;;;;;;;;;;;
;;;;;;;;;;;;;;;;;;;;;;;;
;;;;;;;;;;;;;;;;;;;;;;;;
;;;;;;;;;;;;;;;;;;;;;;;;
;;;;;;;;;;;;;;;;;;;;;;;;
;;;;;;;;;;;;;;;;;;;;;;;;
;;;;;;;;;;;;;;;;;;;;;;;;
;;;;;;;;;;;;;;;;;;;;;;;;
;;;;;;;;;;;;;;;;;;;;;;;;
;;;;;;;;;;;;;;;;;;;;;;;;
;;;;;;;;;;;;;;;;;;;;;;;;
;;;;;;;;;;;;;;;;;;;;;;;;
;;;;;;;;;;;;;;;;;;;;;;;;
;;;;;;;;;;;;;;;;;;;;;;;;
;;;;;;;;;;;;;;;;;;;;;;;;
;;;;;;;;;;;;;;;;;;;;;;;;
;;;;;;;;;;;;;;;;;;;;;;;;
;;;;;;;;;;;;;;;;;;;;;;;;
;;;;;;;;;;;;;;;;;;;;;;;;
;;;;;;;;;;;;;;;;;;;;;;;;
;;;;;;;;;;;;;;;;;;;;;;;;
;;;;;;;;;;;;;;;;;;;;;;;;
;;;;;;;;;;;;;;;;;;;;;;;;
;;;;;;;;;;;;;;;;;;;;;;;;
;;;;;;;;;;;;;;;;;;;;;;;;
;;;;;;;;;;;;;;;;;;;;;;;;
;;;;;;;;;;;;;;;;;;;;;;;;
;;;;;;;;;;;;;;;;;;;;;;;;
;;;;;;;;;;;;;;;;;;;;;;;;
;;;;;;;;;;;;;;;;;;;;;;;;
;;;;;;;;;;;;;;;;;;;;;;;;
;;;;;;;;;;;;;;;;;;;;;;;;
;;;;;;;;;;;;;;;;;;;;;;;;
;;;;;;;;;;;;;;;;;;;;;;;;
;;;;;;;;;;;;;;;;;;;;;;;;
;;;;;;;;;;;;;;;;;;;;;;;;
;;;;;;;;;;;;;;;;;;;;;;;;
;;;;;;;;;;;;;;;;;;;;;;;;
;;;;;;;;;;;;;;;;;;;;;;;;
;;;;;;;;;;;;;;;;;;;;;;;;
;;;;;;;;;;;;;;;;;;;;;;;;
;;;;;;;;;;;;;;;;;;;;;;;;
;;;;;;;;;;;;;;;;;;;;;;;;
;;;;;;;;;;;;;;;;;;;;;;;;
;;;;;;;;;;;;;;;;;;;;;;;;
;;;;;;;;;;;;;;;;;;;;;;;;
;;;;;;;;;;;;;;;;;;;;;;;;
;;;;;;;;;;;;;;;;;;;;;;;;
;;;;;;;;;;;;;;;;;;;;;;;;
;;;;;;;;;;;;;;;;;;;;;;;;
;;;;;;;;;;;;;;;;;;;;;;;;
;;;;;;;;;;;;;;;;;;;;;;;;
;;;;;;;;;;;;;;;;;;;;;;;;
;;;;;;;;;;;;;;;;;;;;;;;;
;;;;;;;;;;;;;;;;;;;;;;;;
;;;;;;;;;;;;;;;;;;;;;;;;
;;;;;;;;;;;;;;;;;;;;;;;;
;;;;;;;;;;;;;;;;;;;;;;;;
;;;;;;;;;;;;;;;;;;;;;;;;
;;;;;;;;;;;;;;;;;;;;;;;;
;;;;;;;;;;;;;;;;;;;;;;;;
;;;;;;;;;;;;;;;;;;;;;;;;
;;;;;;;;;;;;;;;;;;;;;;;;
;;;;;;;;;;;;;;;;;;;;;;;;
;;;;;;;;;;;;;;;;;;;;;;;;
;;;;;;;;;;;;;;;;;;;;;;;;
;;;;;;;;;;;;;;;;;;;;;;;;
;;;;;;;;;;;;;;;;;;;;;;;;
;;;;;;;;;;;;;;;;;;;;;;;;
;;;;;;;;;;;;;;;;;;;;;;;;
;;;;;;;;;;;;;;;;;;;;;;;;
;;;;;;;;;;;;;;;;;;;;;;;;
;;;;;;;;;;;;;;;;;;;;;;;;
;;;;;;;;;;;;;;;;;;;;;;;;
;;;;;;;;;;;;;;;;;;;;;;;;
;;;;;;;;;;;;;;;;;;;;;;;;
;;;;;;;;;;;;;;;;;;;;;;;;
;;;;;;;;;;;;;;;;;;;;;;;;
;;;;;;;;;;;;;;;;;;;;;;;;
;;;;;;;;;;;;;;;;;;;;;;;;
;;;;;;;;;;;;;;;;;;;;;;;;
;;;;;;;;;;;;;;;;;;;;;;;;
;;;;;;;;;;;;;;;;;;;;;;;;
;;;;;;;;;;;;;;;;;;;;;;;;
;;;;;;;;;;;;;;;;;;;;;;;;
;;;;;;;;;;;;;;;;;;;;;;;;
;;;;;;;;;;;;;;;;;;;;;;;;
;;;;;;;;;;;;;;;;;;;;;;;;
;;;;;;;;;;;;;;;;;;;;;;;;
;;;;;;;;;;;;;;;;;;;;;;;;
;;;;;;;;;;;;;;;;;;;;;;;;
;;;;;;;;;;;;;;;;;;;;;;;;
;;;;;;;;;;;;;;;;;;;;;;;;
;;;;;;;;;;;;;;;;;;;;;;;;
;;;;;;;;;;;;;;;;;;;;;;;;
;;;;;;;;;;;;;;;;;;;;;;;;
;;;;;;;;;;;;;;;;;;;;;;;;
;;;;;;;;;;;;;;;;;;;;;;;;
;;;;;;;;;;;;;;;;;;;;;;;;
;;;;;;;;;;;;;;;;;;;;;;;;
;;;;;;;;;;;;;;;;;;;;;;;;
;;;;;;;;;;;;;;;;;;;;;;;;
;;;;;;;;;;;;;;;;;;;;;;;;
;;;;;;;;;;;;;;;;;;;;;;;;
;;;;;;;;;;;;;;;;;;;;;;;;
;;;;;;;;;;;;;;;;;;;;;;;;
;;;;;;;;;;;;;;;;;;;;;;;;
;;;;;;;;;;;;;;;;;;;;;;;;
;;;;;;;;;;;;;;;;;;;;;;;;
;;;;;;;;;;;;;;;;;;;;;;;;
;;;;;;;;;;;;;;;;;;;;;;;;
;;;;;;;;;;;;;;;;;;;;;;;;
;;;;;;;;;;;;;;;;;;;;;;;;
;;;;;;;;;;;;;;;;;;;;;;;;
;;;;;;;;;;;;;;;;;;;;;;;;
;;;;;;;;;;;;;;;;;;;;;;;;
;;;;;;;;;;;;;;;;;;;;;;;;
;;;;;;;;;;;;;;;;;;;;;;;;
;;;;;;;;;;;;;;;;;;;;;;;;
;;;;;;;;;;;;;;;;;;;;;;;;
;;;;;;;;;;;;;;;;;;;;;;;;
;;;;;;;;;;;;;;;;;;;;;;;;
;;;;;;;;;;;;;;;;;;;;;;;;
;;;;;;;;;;;;;;;;;;;;;;;;
;;;;;;;;;;;;;;;;;;;;;;;;
;;;;;;;;;;;;;;;;;;;;;;;;
;;;;;;;;;;;;;;;;;;;;;;;;
;;;;;;;;;;;;;;;;;;;;;;;;
;;;;;;;;;;;;;;;;;;;;;;;;
;;;;;;;;;;;;;;;;;;;;;;;;
;;;;;;;;;;;;;;;;;;;;;;;;
;;;;;;;;;;;;;;;;;;;;;;;;
;;;;;;;;;;;;;;;;;;;;;;;;
;;;;;;;;;;;;;;;;;;;;;;;;
;;;;;;;;;;;;;;;;;;;;;;;;
;;;;;;;;;;;;;;;;;;;;;;;;
;;;;;;;;;;;;;;;;;;;;;;;;
;;;;;;;;;;;;;;;;;;;;;;;;
;;;;;;;;;;;;;;;;;;;;;;;;
;;;;;;;;;;;;;;;;;;;;;;;;
;;;;;;;;;;;;;;;;;;;;;;;;
;;;;;;;;;;;;;;;;;;;;;;;;
;;;;;;;;;;;;;;;;;;;;;;;;
;;;;;;;;;;;;;;;;;;;;;;;;
;;;;;;;;;;;;;;;;;;;;;;;;
;;;;;;;;;;;;;;;;;;;;;;;;
;;;;;;;;;;;;;;;;;;;;;;;;
;;;;;;;;;;;;;;;;;;;;;;;;
;;;;;;;;;;;;;;;;;;;;;;;;
;;;;;;;;;;;;;;;;;;;;;;;;
;;;;;;;;;;;;;;;;;;;;;;;;
;;;;;;;;;;;;;;;;;;;;;;;;
;;;;;;;;;;;;;;;;;;;;;;;;
;;;;;;;;;;;;;;;;;;;;;;;;
;;;;;;;;;;;;;;;;;;;;;;;;
;;;;;;;;;;;;;;;;;;;;;;;;
;;;;;;;;;;;;;;;;;;;;;;;;
;;;;;;;;;;;;;;;;;;;;;;;;
;;;;;;;;;;;;;;;;;;;;;;;;
;;;;;;;;;;;;;;;;;;;;;;;;
;;;;;;;;;;;;;;;;;;;;;;;;
;;;;;;;;;;;;;;;;;;;;;;;;
;;;;;;;;;;;;;;;;;;;;;;;;
;;;;;;;;;;;;;;;;;;;;;;;;
;;;;;;;;;;;;;;;;;;;;;;;;
;;;;;;;;;;;;;;;;;;;;;;;;
;;;;;;;;;;;;;;;;;;;;;;;;
;;;;;;;;;;;;;;;;;;;;;;;;
;;;;;;;;;;;;;;;;;;;;;;;;
;;;;;;;;;;;;;;;;;;;;;;;;
;;;;;;;;;;;;;;;;;;;;;;;;
;;;;;;;;;;;;;;;;;;;;;;;;
;;;;;;;;;;;;;;;;;;;;;;;;
;;;;;;;;;;;;;;;;;;;;;;;;
;;;;;;;;;;;;;;;;;;;;;;;;
;;;;;;;;;;;;;;;;;;;;;;;;
;;;;;;;;;;;;;;;;;;;;;;;;
;;;;;;;;;;;;;;;;;;;;;;;;
;;;;;;;;;;;;;;;;;;;;;;;;
;;;;;;;;;;;;;;;;;;;;;;;;
;;;;;;;;;;;;;;;;;;;;;;;;
;;;;;;;;;;;;;;;;;;;;;;;;
;;;;;;;;;;;;;;;;;;;;;;;;
;;;;;;;;;;;;;;;;;;;;;;;;
;;;;;;;;;;;;;;;;;;;;;;;;
;;;;;;;;;;;;;;;;;;;;;;;;
;;;;;;;;;;;;;;;;;;;;;;;;
;;;;;;;;;;;;;;;;;;;;;;;;
;;;;;;;;;;;;;;;;;;;;;;;;
;;;;;;;;;;;;;;;;;;;;;;;;
;;;;;;;;;;;;;;;;;;;;;;;;
;;;;;;;;;;;;;;;;;;;;;;;;
;;;;;;;;;;;;;;;;;;;;;;;;
;;;;;;;;;;;;;;;;;;;;;;;;
;;;;;;;;;;;;;;;;;;;;;;;;
;;;;;;;;;;;;;;;;;;;;;;;;
;;;;;;;;;;;;;;;;;;;;;;;;
;;;;;;;;;;;;;;;;;;;;;;;;
;;;;;;;;;;;;;;;;;;;;;;;;
;;;;;;;;;;;;;;;;;;;;;;;;
;;;;;;;;;;;;;;;;;;;;;;;;
;;;;;;;;;;;;;;;;;;;;;;;;
;;;;;;;;;;;;;;;;;;;;;;;;
;;;;;;;;;;;;;;;;;;;;;;;;
;;;;;;;;;;;;;;;;;;;;;;;;
;;;;;;;;;;;;;;;;;;;;;;;;
;;;;;;;;;;;;;;;;;;;;;;;;
;;;;;;;;;;;;;;;;;;;;;;;;
;;;;;;;;;;;;;;;;;;;;;;;;
;;;;;;;;;;;;;;;;;;;;;;;;
;;;;;;;;;;;;;;;;;;;;;;;;
;;;;;;;;;;;;;;;;;;;;;;;;
;;;;;;;;;;;;;;;;;;;;;;;;
;;;;;;;;;;;;;;;;;;;;;;;;
;;;;;;;;;;;;;;;;;;;;;;;;
;;;;;;;;;;;;;;;;;;;;;;;;
;;;;;;;;;;;;;;;;;;;;;;;;
;;;;;;;;;;;;;;;;;;;;;;;;
;;;;;;;;;;;;;;;;;;;;;;;;
;;;;;;;;;;;;;;;;;;;;;;;;
;;;;;;;;;;;;;;;;;;;;;;;;
;;;;;;;;;;;;;;;;;;;;;;;;
;;;;;;;;;;;;;;;;;;;;;;;;
;;;;;;;;;;;;;;;;;;;;;;;;
;;;;;;;;;;;;;;;;;;;;;;;;
;;;;;;;;;;;;;;;;;;;;;;;;
;;;;;;;;;;;;;;;;;;;;;;;;
;;;;;;;;;;;;;;;;;;;;;;;;
;;;;;;;;;;;;;;;;;;;;;;;;
;;;;;;;;;;;;;;;;;;;;;;;;
;;;;;;;;;;;;;;;;;;;;;;;;
;;;;;;;;;;;;;;;;;;;;;;;;
;;;;;;;;;;;;;;;;;;;;;;;;
;;;;;;;;;;;;;;;;;;;;;;;;
;;;;;;;;;;;;;;;;;;;;;;;;
;;;;;;;;;;;;;;;;;;;;;;;;
;;;;;;;;;;;;;;;;;;;;;;;;
;;;;;;;;;;;;;;;;;;;;;;;;
;;;;;;;;;;;;;;;;;;;;;;;;
;;;;;;;;;;;;;;;;;;;;;;;;
;;;;;;;;;;;;;;;;;;;;;;;;
;;;;;;;;;;;;;;;;;;;;;;;;
;;;;;;;;;;;;;;;;;;;;;;;;
;;;;;;;;;;;;;;;;;;;;;;;;
;;;;;;;;;;;;;;;;;;;;;;;;
;;;;;;;;;;;;;;;;;;;;;;;;
;;;;;;;;;;;;;;;;;;;;;;;;
;;;;;;;;;;;;;;;;;;;;;;;;
;;;;;;;;;;;;;;;;;;;;;;;;
;;;;;;;;;;;;;;;;;;;;;;;;
;;;;;;;;;;;;;;;;;;;;;;;;
;;;;;;;;;;;;;;;;;;;;;;;;
;;;;;;;;;;;;;;;;;;;;;;;;
;;;;;;;;;;;;;;;;;;;;;;;;
;;;;;;;;;;;;;;;;;;;;;;;;
;;;;;;;;;;;;;;;;;;;;;;;;
;;;;;;;;;;;;;;;;;;;;;;;;
;;;;;;;;;;;;;;;;;;;;;;;;
;;;;;;;;;;;;;;;;;;;;;;;;
;;;;;;;;;;;;;;;;;;;;;;;;
;;;;;;;;;;;;;;;;;;;;;;;;
;;;;;;;;;;;;;;;;;;;;;;;;
;;;;;;;;;;;;;;;;;;;;;;;;
;;;;;;;;;;;;;;;;;;;;;;;;
;;;;;;;;;;;;;;;;;;;;;;;;
;;;;;;;;;;;;;;;;;;;;;;;;
;;;;;;;;;;;;;;;;;;;;;;;;
;;;;;;;;;;;;;;;;;;;;;;;;
;;;;;;;;;;;;;;;;;;;;;;;;
;;;;;;;;;;;;;;;;;;;;;;;;
;;;;;;;;;;;;;;;;;;;;;;;;
;;;;;;;;;;;;;;;;;;;;;;;;
;;;;;;;;;;;;;;;;;;;;;;;;
;;;;;;;;;;;;;;;;;;;;;;;;
;;;;;;;;;;;;;;;;;;;;;;;;
;;;;;;;;;;;;;;;;;;;;;;;;
;;;;;;;;;;;;;;;;;;;;;;;;
;;;;;;;;;;;;;;;;;;;;;;;;
;;;;;;;;;;;;;;;;;;;;;;;;
;;;;;;;;;;;;;;;;;;;;;;;;
;;;;;;;;;;;;;;;;;;;;;;;;
;;;;;;;;;;;;;;;;;;;;;;;;
;;;;;;;;;;;;;;;;;;;;;;;;
;;;;;;;;;;;;;;;;;;;;;;;;
;;;;;;;;;;;;;;;;;;;;;;;;
;;;;;;;;;;;;;;;;;;;;;;;;
;;;;;;;;;;;;;;;;;;;;;;;;
;;;;;;;;;;;;;;;;;;;;;;;;
;;;;;;;;;;;;;;;;;;;;;;;;
;;;;;;;;;;;;;;;;;;;;;;;;
;;;;;;;;;;;;;;;;;;;;;;;;
;;;;;;;;;;;;;;;;;;;;;;;;
;;;;;;;;;;;;;;;;;;;;;;;;
;;;;;;;;;;;;;;;;;;;;;;;;
;;;;;;;;;;;;;;;;;;;;;;;;
;;;;;;;;;;;;;;;;;;;;;;;;
;;;;;;;;;;;;;;;;;;;;;;;;
;;;;;;;;;;;;;;;;;;;;;;;;
;;;;;;;;;;;;;;;;;;;;;;;;
;;;;;;;;;;;;;;;;;;;;;;;;
;;;;;;;;;;;;;;;;;;;;;;;;
;;;;;;;;;;;;;;;;;;;;;;;;
;;;;;;;;;;;;;;;;;;;;;;;;
;;;;;;;;;;;;;;;;;;;;;;;;
;;;;;;;;;;;;;;;;;;;;;;;;
;;;;;;;;;;;;;;;;;;;;;;;;
;;;;;;;;;;;;;;;;;;;;;;;;
;;;;;;;;;;;;;;;;;;;;;;;;
;;;;;;;;;;;;;;;;;;;;;;;;
;;;;;;;;;;;;;;;;;;;;;;;;
;;;;;;;;;;;;;;;;;;;;;;;;
;;;;;;;;;;;;;;;;;;;;;;;;
;;;;;;;;;;;;;;;;;;;;;;;;
;;;;;;;;;;;;;;;;;;;;;;;;
;;;;;;;;;;;;;;;;;;;;;;;;
;;;;;;;;;;;;;;;;;;;;;;;;
;;;;;;;;;;;;;;;;;;;;;;;;
;;;;;;;;;;;;;;;;;;;;;;;;
;;;;;;;;;;;;;;;;;;;;;;;;
;;;;;;;;;;;;;;;;;;;;;;;;
;;;;;;;;;;;;;;;;;;;;;;;;
;;;;;;;;;;;;;;;;;;;;;;;;
;;;;;;;;;;;;;;;;;;;;;;;;
;;;;;;;;;;;;;;;;;;;;;;;;
;;;;;;;;;;;;;;;;;;;;;;;;
;;;;;;;;;;;;;;;;;;;;;;;;
;;;;;;;;;;;;;;;;;;;;;;;;
;;;;;;;;;;;;;;;;;;;;;;;;
;;;;;;;;;;;;;;;;;;;;;;;;
;;;;;;;;;;;;;;;;;;;;;;;;
;;;;;;;;;;;;;;;;;;;;;;;;
;;;;;;;;;;;;;;;;;;;;;;;;
;;;;;;;;;;;;;;;;;;;;;;;;
;;;;;;;;;;;;;;;;;;;;;;;;
;;;;;;;;;;;;;;;;;;;;;;;;
;;;;;;;;;;;;;;;;;;;;;;;;
;;;;;;;;;;;;;;;;;;;;;;;;
;;;;;;;;;;;;;;;;;;;;;;;;
;;;;;;;;;;;;;;;;;;;;;;;;
;;;;;;;;;;;;;;;;;;;;;;;;
;;;;;;;;;;;;;;;;;;;;;;;;
;;;;;;;;;;;;;;;;;;;;;;;;
;;;;;;;;;;;;;;;;;;;;;;;;
;;;;;;;;;;;;;;;;;;;;;;;;
;;;;;;;;;;;;;;;;;;;;;;;;
;;;;;;;;;;;;;;;;;;;;;;;;
;;;;;;;;;;;;;;;;;;;;;;;;
;;;;;;;;;;;;;;;;;;;;;;;;
;;;;;;;;;;;;;;;;;;;;;;;;
;;;;;;;;;;;;;;;;;;;;;;;;
;;;;;;;;;;;;;;;;;;;;;;;;
;;;;;;;;;;;;;;;;;;;;;;;;
;;;;;;;;;;;;;;;;;;;;;;;;
;;;;;;;;;;;;;;;;;;;;;;;;
;;;;;;;;;;;;;;;;;;;;;;;;
;;;;;;;;;;;;;;;;;;;;;;;;
;;;;;;;;;;;;;;;;;;;;;;;;
;;;;;;;;;;;;;;;;;;;;;;;;
;;;;;;;;;;;;;;;;;;;;;;;;
;;;;;;;;;;;;;;;;;;;;;;;;
;;;;;;;;;;;;;;;;;;;;;;;;
;;;;;;;;;;;;;;;;;;;;;;;;
;;;;;;;;;;;;;;;;;;;;;;;;
;;;;;;;;;;;;;;;;;;;;;;;;
;;;;;;;;;;;;;;;;;;;;;;;;
;;;;;;;;;;;;;;;;;;;;;;;;
;;;;;;;;;;;;;;;;;;;;;;;;
;;;;;;;;;;;;;;;;;;;;;;;;
;;;;;;;;;;;;;;;;;;;;;;;;
;;;;;;;;;;;;;;;;;;;;;;;;
;;;;;;;;;;;;;;;;;;;;;;;;
;;;;;;;;;;;;;;;;;;;;;;;;
;;;;;;;;;;;;;;;;;;;;;;;;
;;;;;;;;;;;;;;;;;;;;;;;;
;;;;;;;;;;;;;;;;;;;;;;;;
;;;;;;;;;;;;;;;;;;;;;;;;
;;;;;;;;;;;;;;;;;;;;;;;;
;;;;;;;;;;;;;;;;;;;;;;;;
;;;;;;;;;;;;;;;;;;;;;;;;
;;;;;;;;;;;;;;;;;;;;;;;;
;;;;;;;;;;;;;;;;;;;;;;;;
;;;;;;;;;;;;;;;;;;;;;;;;
;;;;;;;;;;;;;;;;;;;;;;;;
;;;;;;;;;;;;;;;;;;;;;;;;
;;;;;;;;;;;;;;;;;;;;;;;;
;;;;;;;;;;;;;;;;;;;;;;;;
;;;;;;;;;;;;;;;;;;;;;;;;
;;;;;;;;;;;;;;;;;;;;;;;;
;;;;;;;;;;;;;;;;;;;;;;;;
;;;;;;;;;;;;;;;;;;;;;;;;
;;;;;;;;;;;;;;;;;;;;;;;;
;;;;;;;;;;;;;;;;;;;;;;;;
;;;;;;;;;;;;;;;;;;;;;;;;
;;;;;;;;;;;;;;;;;;;;;;;;
;;;;;;;;;;;;;;;;;;;;;;;;
;;;;;;;;;;;;;;;;;;;;;;;;
;;;;;;;;;;;;;;;;;;;;;;;;
;;;;;;;;;;;;;;;;;;;;;;;;
;;;;;;;;;;;;;;;;;;;;;;;;
;;;;;;;;;;;;;;;;;;;;;;;;
;;;;;;;;;;;;;;;;;;;;;;;;
;;;;;;;;;;;;;;;;;;;;;;;;
;;;;;;;;;;;;;;;;;;;;;;;;
;;;;;;;;;;;;;;;;;;;;;;;;
;;;;;;;;;;;;;;;;;;;;;;;;
;;;;;;;;;;;;;;;;;;;;;;;;
;;;;;;;;;;;;;;;;;;;;;;;;
;;;;;;;;;;;;;;;;;;;;;;;;
;;;;;;;;;;;;;;;;;;;;;;;;
;;;;;;;;;;;;;;;;;;;;;;;;
;;;;;;;;;;;;;;;;;;;;;;;;
;;;;;;;;;;;;;;;;;;;;;;;;
;;;;;;;;;;;;;;;;;;;;;;;;
;;;;;;;;;;;;;;;;;;;;;;;;
;;;;;;;;;;;;;;;;;;;;;;;;
;;;;;;;;;;;;;;;;;;;;;;;;
;;;;;;;;;;;;;;;;;;;;;;;;
;;;;;;;;;;;;;;;;;;;;;;;;
;;;;;;;;;;;;;;;;;;;;;;;;
;;;;;;;;;;;;;;;;;;;;;;;;
;;;;;;;;;;;;;;;;;;;;;;;;
;;;;;;;;;;;;;;;;;;;;;;;;
;;;;;;;;;;;;;;;;;;;;;;;;
;;;;;;;;;;;;;;;;;;;;;;;;
;;;;;;;;;;;;;;;;;;;;;;;;
;;;;;;;;;;;;;;;;;;;;;;;;
;;;;;;;;;;;;;;;;;;;;;;;;
;;;;;;;;;;;;;;;;;;;;;;;;
;;;;;;;;;;;;;;;;;;;;;;;;
;;;;;;;;;;;;;;;;;;;;;;;;
;;;;;;;;;;;;;;;;;;;;;;;;
;;;;;;;;;;;;;;;;;;;;;;;;
;;;;;;;;;;;;;;;;;;;;;;;;
;;;;;;;;;;;;;;;;;;;;;;;;
;;;;;;;;;;;;;;;;;;;;;;;;
;;;;;;;;;;;;;;;;;;;;;;;;
;;;;;;;;;;;;;;;;;;;;;;;;
;;;;;;;;;;;;;;;;;;;;;;;;
;;;;;;;;;;;;;;;;;;;;;;;;
;;;;;;;;;;;;;;;;;;;;;;;;
;;;;;;;;;;;;;;;;;;;;;;;;
;;;;;;;;;;;;;;;;;;;;;;;;
;;;;;;;;;;;;;;;;;;;;;;;;
;;;;;;;;;;;;;;;;;;;;;;;;
;;;;;;;;;;;;;;;;;;;;;;;;
;;;;;;;;;;;;;;;;;;;;;;;;
;;;;;;;;;;;;;;;;;;;;;;;;
;;;;;;;;;;;;;;;;;;;;;;;;
;;;;;;;;;;;;;;;;;;;;;;;;
;;;;;;;;;;;;;;;;;;;;;;;;
;;;;;;;;;;;;;;;;;;;;;;;;
;;;;;;;;;;;;;;;;;;;;;;;;
;;;;;;;;;;;;;;;;;;;;;;;;
;;;;;;;;;;;;;;;;;;;;;;;;
;;;;;;;;;;;;;;;;;;;;;;;;
;;;;;;;;;;;;;;;;;;;;;;;;
;;;;;;;;;;;;;;;;;;;;;;;;
;;;;;;;;;;;;;;;;;;;;;;;;
;;;;;;;;;;;;;;;;;;;;;;;;
;;;;;;;;;;;;;;;;;;;;;;;;
;;;;;;;;;;;;;;;;;;;;;;;;
;;;;;;;;;;;;;;;;;;;;;;;;
;;;;;;;;;;;;;;;;;;;;;;;;
;;;;;;;;;;;;;;;;;;;;;;;;
;;;;;;;;;;;;;;;;;;;;;;;;
;;;;;;;;;;;;;;;;;;;;;;;;
;;;;;;;;;;;;;;;;;;;;;;;;
;;;;;;;;;;;;;;;;;;;;;;;;
;;;;;;;;;;;;;;;;;;;;;;;;
;;;;;;;;;;;;;;;;;;;;;;;;
;;;;;;;;;;;;;;;;;;;;;;;;
;;;;;;;;;;;;;;;;;;;;;;;;
;;;;;;;;;;;;;;;;;;;;;;;;
;;;;;;;;;;;;;;;;;;;;;;;;
;;;;;;;;;;;;;;;;;;;;;;;;
;;;;;;;;;;;;;;;;;;;;;;;;
;;;;;;;;;;;;;;;;;;;;;;;;
;;;;;;;;;;;;;;;;;;;;;;;;
;;;;;;;;;;;;;;;;;;;;;;;;
;;;;;;;;;;;;;;;;;;;;;;;;
;;;;;;;;;;;;;;;;;;;;;;;;
;;;;;;;;;;;;;;;;;;;;;;;;
;;;;;;;;;;;;;;;;;;;;;;;;
;;;;;;;;;;;;;;;;;;;;;;;;
;;;;;;;;;;;;;;;;;;;;;;;;
;;;;;;;;;;;;;;;;;;;;;;;;
;;;;;;;;;;;;;;;;;;;;;;;;
;;;;;;;;;;;;;;;;;;;;;;;;
;;;;;;;;;;;;;;;;;;;;;;;;
;;;;;;;;;;;;;;;;;;;;;;;;
;;;;;;;;;;;;;;;;;;;;;;;;
;;;;;;;;;;;;;;;;;;;;;;;;
;;;;;;;;;;;;;;;;;;;;;;;;
;;;;;;;;;;;;;;;;;;;;;;;;
;;;;;;;;;;;;;;;;;;;;;;;;
;;;;;;;;;;;;;;;;;;;;;;;;
;;;;;;;;;;;;;;;;;;;;;;;;
;;;;;;;;;;;;;;;;;;;;;;;;
;;;;;;;;;;;;;;;;;;;;;;;;
;;;;;;;;;;;;;;;;;;;;;;;;
;;;;;;;;;;;;;;;;;;;;;;;;
;;;;;;;;;;;;;;;;;;;;;;;;
;;;;;;;;;;;;;;;;;;;;;;;;
;;;;;;;;;;;;;;;;;;;;;;;;
;;;;;;;;;;;;;;;;;;;;;;;;
;;;;;;;;;;;;;;;;;;;;;;;;
;;;;;;;;;;;;;;;;;;;;;;;;
;;;;;;;;;;;;;;;;;;;;;;;;
;;;;;;;;;;;;;;;;;;;;;;;;
;;;;;;;;;;;;;;;;;;;;;;;;
;;;;;;;;;;;;;;;;;;;;;;;;
;;;;;;;;;;;;;;;;;;;;;;;;
;;;;;;;;;;;;;;;;;;;;;;;;
;;;;;;;;;;;;;;;;;;;;;;;;
;;;;;;;;;;;;;;;;;;;;;;;;
;;;;;;;;;;;;;;;;;;;;;;;;
;;;;;;;;;;;;;;;;;;;;;;;;
;;;;;;;;;;;;;;;;;;;;;;;;
;;;;;;;;;;;;;;;;;;;;;;;;
;;;;;;;;;;;;;;;;;;;;;;;;
;;;;;;;;;;;;;;;;;;;;;;;;
;;;;;;;;;;;;;;;;;;;;;;;;
;;;;;;;;;;;;;;;;;;;;;;;;
;;;;;;;;;;;;;;;;;;;;;;;;
;;;;;;;;;;;;;;;;;;;;;;;;
;;;;;;;;;;;;;;;;;;;;;;;;
;;;;;;;;;;;;;;;;;;;;;;;;
;;;;;;;;;;;;;;;;;;;;;;;;
;;;;;;;;;;;;;;;;;;;;;;;;
;;;;;;;;;;;;;;;;;;;;;;;;
;;;;;;;;;;;;;;;;;;;;;;;;
;;;;;;;;;;;;;;;;;;;;;;;;
;;;;;;;;;;;;;;;;;;;;;;;;
;;;;;;;;;;;;;;;;;;;;;;;;
;;;;;;;;;;;;;;;;;;;;;;;;
;;;;;;;;;;;;;;;;;;;;;;;;
;;;;;;;;;;;;;;;;;;;;;;;;
;;;;;;;;;;;;;;;;;;;;;;;;
;;;;;;;;;;;;;;;;;;;;;;;;
;;;;;;;;;;;;;;;;;;;;;;;;
;;;;;;;;;;;;;;;;;;;;;;;;
;;;;;;;;;;;;;;;;;;;;;;;;
;;;;;;;;;;;;;;;;;;;;;;;;
;;;;;;;;;;;;;;;;;;;;;;;;
;;;;;;;;;;;;;;;;;;;;;;;;
;;;;;;;;;;;;;;;;;;;;;;;;
;;;;;;;;;;;;;;;;;;;;;;;;
;;;;;;;;;;;;;;;;;;;;;;;;
;;;;;;;;;;;;;;;;;;;;;;;;
;;;;;;;;;;;;;;;;;;;;;;;;
;;;;;;;;;;;;;;;;;;;;;;;;
;;;;;;;;;;;;;;;;;;;;;;;;
;;;;;;;;;;;;;;;;;;;;;;;;
;;;;;;;;;;;;;;;;;;;;;;;;
;;;;;;;;;;;;;;;;;;;;;;;;
;;;;;;;;;;;;;;;;;;;;;;;;
;;;;;;;;;;;;;;;;;;;;;;;;
;;;;;;;;;;;;;;;;;;;;;;;;
;;;;;;;;;;;;;;;;;;;;;;;;
;;;;;;;;;;;;;;;;;;;;;;;;
;;;;;;;;;;;;;;;;;;;;;;;;
;;;;;;;;;;;;;;;;;;;;;;;;
;;;;;;;;;;;;;;;;;;;;;;;;
;;;;;;;;;;;;;;;;;;;;;;;;
;;;;;;;;;;;;;;;;;;;;;;;;
;;;;;;;;;;;;;;;;;;;;;;;;
;;;;;;;;;;;;;;;;;;;;;;;;
;;;;;;;;;;;;;;;;;;;;;;;;
;;;;;;;;;;;;;;;;;;;;;;;;
;;;;;;;;;;;;;;;;;;;;;;;;
;;;;;;;;;;;;;;;;;;;;;;;;
;;;;;;;;;;;;;;;;;;;;;;;;
;;;;;;;;;;;;;;;;;;;;;;;;
;;;;;;;;;;;;;;;;;;;;;;;;
;;;;;;;;;;;;;;;;;;;;;;;;
;;;;;;;;;;;;;;;;;;;;;;;;
;;;;;;;;;;;;;;;;;;;;;;;;
;;;;;;;;;;;;;;;;;;;;;;;;
;;;;;;;;;;;;;;;;;;;;;;;;
;;;;;;;;;;;;;;;;;;;;;;;;
;;;;;;;;;;;;;;;;;;;;;;;;
;;;;;;;;;;;;;;;;;;;;;;;;
;;;;;;;;;;;;;;;;;;;;;;;;
;;;;;;;;;;;;;;;;;;;;;;;;
;;;;;;;;;;;;;;;;;;;;;;;;
;;;;;;;;;;;;;;;;;;;;;;;;
;;;;;;;;;;;;;;;;;;;;;;;;
;;;;;;;;;;;;;;;;;;;;;;;;
;;;;;;;;;;;;;;;;;;;;;;;;
;;;;;;;;;;;;;;;;;;;;;;;;
;;;;;;;;;;;;;;;;;;;;;;;;
;;;;;;;;;;;;;;;;;;;;;;;;
;;;;;;;;;;;;;;;;;;;;;;;;
;;;;;;;;;;;;;;;;;;;;;;;;
;;;;;;;;;;;;;;;;;;;;;;;;
;;;;;;;;;;;;;;;;;;;;;;;;
;;;;;;;;;;;;;;;;;;;;;;;;
;;;;;;;;;;;;;;;;;;;;;;;;
;;;;;;;;;;;;;;;;;;;;;;;;
;;;;;;;;;;;;;;;;;;;;;;;;
;;;;;;;;;;;;;;;;;;;;;;;;
;;;;;;;;;;;;;;;;;;;;;;;;
;;;;;;;;;;;;;;;;;;;;;;;;
;;;;;;;;;;;;;;;;;;;;;;;;
;;;;;;;;;;;;;;;;;;;;;;;;
;;;;;;;;;;;;;;;;;;;;;;;;
;;;;;;;;;;;;;;;;;;;;;;;;
;;;;;;;;;;;;;;;;;;;;;;;;
;;;;;;;;;;;;;;;;;;;;;;;;
;;;;;;;;;;;;;;;;;;;;;;;;
;;;;;;;;;;;;;;;;;;;;;;;;
;;;;;;;;;;;;;;;;;;;;;;;;
;;;;;;;;;;;;;;;;;;;;;;;;
;;;;;;;;;;;;;;;;;;;;;;;;
;;;;;;;;;;;;;;;;;;;;;;;;
;;;;;;;;;;;;;;;;;;;;;;;;
;;;;;;;;;;;;;;;;;;;;;;;;
;;;;;;;;;;;;;;;;;;;;;;;;
;;;;;;;;;;;;;;;;;;;;;;;;
;;;;;;;;;;;;;;;;;;;;;;;;
;;;;;;;;;;;;;;;;;;;;;;;;
;;;;;;;;;;;;;;;;;;;;;;;;
;;;;;;;;;;;;;;;;;;;;;;;;
;;;;;;;;;;;;;;;;;;;;;;;;
;;;;;;;;;;;;;;;;;;;;;;;;
;;;;;;;;;;;;;;;;;;;;;;;;
;;;;;;;;;;;;;;;;;;;;;;;;
;;;;;;;;;;;;;;;;;;;;;;;;
;;;;;;;;;;;;;;;;;;;;;;;;
;;;;;;;;;;;;;;;;;;;;;;;;
;;;;;;;;;;;;;;;;;;;;;;;;
;;;;;;;;;;;;;;;;;;;;;;;;
;;;;;;;;;;;;;;;;;;;;;;;;
;;;;;;;;;;;;;;;;;;;;;;;;
;;;;;;;;;;;;;;;;;;;;;;;;
;;;;;;;;;;;;;;;;;;;;;;;;
;;;;;;;;;;;;;;;;;;;;;;;;
;;;;;;;;;;;;;;;;;;;;;;;;
;;;;;;;;;;;;;;;;;;;;;;;;
;;;;;;;;;;;;;;;;;;;;;;;;
;;;;;;;;;;;;;;;;;;;;;;;;
;;;;;;;;;;;;;;;;;;;;;;;;
;;;;;;;;;;;;;;;;;;;;;;;;
;;;;;;;;;;;;;;;;;;;;;;;;
;;;;;;;;;;;;;;;;;;;;;;;;
;;;;;;;;;;;;;;;;;;;;;;;;
;;;;;;;;;;;;;;;;;;;;;;;;
;;;;;;;;;;;;;;;;;;;;;;;;
;;;;;;;;;;;;;;;;;;;;;;;;
;;;;;;;;;;;;;;;;;;;;;;;;
;;;;;;;;;;;;;;;;;;;;;;;;
;;;;;;;;;;;;;;;;;;;;;;;;
;;;;;;;;;;;;;;;;;;;;;;;;
;;;;;;;;;;;;;;;;;;;;;;;;
;;;;;;;;;;;;;;;;;;;;;;;;
;;;;;;;;;;;;;;;;;;;;;;;;
;;;;;;;;;;;;;;;;;;;;;;;;
;;;;;;;;;;;;;;;;;;;;;;;;
;;;;;;;;;;;;;;;;;;;;;;;;
;;;;;;;;;;;;;;;;;;;;;;;;
;;;;;;;;;;;;;;;;;;;;;;;;
;;;;;;;;;;;;;;;;;;;;;;;;
;;;;;;;;;;;;;;;;;;;;;;;;
;;;;;;;;;;;;;;;;;;;;;;;;
;;;;;;;;;;;;;;;;;;;;;;;;
;;;;;;;;;;;;;;;;;;;;;;;;
;;;;;;;;;;;;;;;;;;;;;;;;
;;;;;;;;;;;;;;;;;;;;;;;;
;;;;;;;;;;;;;;;;;;;;;;;;
;;;;;;;;;;;;;;;;;;;;;;;;
;;;;;;;;;;;;;;;;;;;;;;;;
;;;;;;;;;;;;;;;;;;;;;;;;
;;;;;;;;;;;;;;;;;;;;;;;;
;;;;;;;;;;;;;;;;;;;;;;;;
;;;;;;;;;;;;;;;;;;;;;;;;
;;;;;;;;;;;;;;;;;;;;;;;;
;;;;;;;;;;;;;;;;;;;;;;;;
;;;;;;;;;;;;;;;;;;;;;;;;
;;;;;;;;;;;;;;;;;;;;;;;;
;;;;;;;;;;;;;;;;;;;;;;;;
;;;;;;;;;;;;;;;;;;;;;;;;
;;;;;;;;;;;;;;;;;;;;;;;;
;;;;;;;;;;;;;;;;;;;;;;;;
;;;;;;;;;;;;;;;;;;;;;;;;
;;;;;;;;;;;;;;;;;;;;;;;;
;;;;;;;;;;;;;;;;;;;;;;;;
;;;;;;;;;;;;;;;;;;;;;;;;
;;;;;;;;;;;;;;;;;;;;;;;;
;;;;;;;;;;;;;;;;;;;;;;;;
;;;;;;;;;;;;;;;;;;;;;;;;
;;;;;;;;;;;;;;;;;;;;;;;;
;;;;;;;;;;;;;;;;;;;;;;;;
;;;;;;;;;;;;;;;;;;;;;;;;
;;;;;;;;;;;;;;;;;;;;;;;;
;;;;;;;;;;;;;;;;;;;;;;;;
;;;;;;;;;;;;;;;;;;;;;;;;
;;;;;;;;;;;;;;;;;;;;;;;;
;;;;;;;;;;;;;;;;;;;;;;;;
;;;;;;;;;;;;;;;;;;;;;;;;
;;;;;;;;;;;;;;;;;;;;;;;;
;;;;;;;;;;;;;;;;;;;;;;;;
;;;;;;;;;;;;;;;;;;;;;;;;
;;;;;;;;;;;;;;;;;;;;;;;;
;;;;;;;;;;;;;;;;;;;;;;;;
;;;;;;;;;;;;;;;;;;;;;;;;
;;;;;;;;;;;;;;;;;;;;;;;;
;;;;;;;;;;;;;;;;;;;;;;;;
;;;;;;;;;;;;;;;;;;;;;;;;
;;;;;;;;;;;;;;;;;;;;;;;;
;;;;;;;;;;;;;;;;;;;;;;;;
;;;;;;;;;;;;;;;;;;;;;;;;
;;;;;;;;;;;;;;;;;;;;;;;;
;;;;;;;;;;;;;;;;;;;;;;;;
;;;;;;;;;;;;;;;;;;;;;;;;
;;;;;;;;;;;;;;;;;;;;;;;;
;;;;;;;;;;;;;;;;;;;;;;;;
;;;;;;;;;;;;;;;;;;;;;;;;
;;;;;;;;;;;;;;;;;;;;;;;;
;;;;;;;;;;;;;;;;;;;;;;;;
;;;;;;;;;;;;;;;;;;;;;;;;
;;;;;;;;;;;;;;;;;;;;;;;;
;;;;;;;;;;;;;;;;;;;;;;;;
;;;;;;;;;;;;;;;;;;;;;;;;
;;;;;;;;;;;;;;;;;;;;;;;;
;;;;;;;;;;;;;;;;;;;;;;;;
;;;;;;;;;;;;;;;;;;;;;;;;
;;;;;;;;;;;;;;;;;;;;;;;;
;;;;;;;;;;;;;;;;;;;;;;;;
;;;;;;;;;;;;;;;;;;;;;;;;
;;;;;;;;;;;;;;;;;;;;;;;;
;;;;;;;;;;;;;;;;;;;;;;;;
;;;;;;;;;;;;;;;;;;;;;;;;
;;;;;;;;;;;;;;;;;;;;;;;;
;;;;;;;;;;;;;;;;;;;;;;;;
;;;;;;;;;;;;;;;;;;;;;;;;
;;;;;;;;;;;;;;;;;;;;;;;;
;;;;;;;;;;;;;;;;;;;;;;;;
;;;;;;;;;;;;;;;;;;;;;;;;
;;;;;;;;;;;;;;;;;;;;;;;;
;;;;;;;;;;;;;;;;;;;;;;;;
;;;;;;;;;;;;;;;;;;;;;;;;
;;;;;;;;;;;;;;;;;;;;;;;;
;;;;;;;;;;;;;;;;;;;;;;;;
;;;;;;;;;;;;;;;;;;;;;;;;
;;;;;;;;;;;;;;;;;;;;;;;;
;;;;;;;;;;;;;;;;;;;;;;;;
;;;;;;;;;;;;;;;;;;;;;;;;
;;;;;;;;;;;;;;;;;;;;;;;;
;;;;;;;;;;;;;;;;;;;;;;;;
;;;;;;;;;;;;;;;;;;;;;;;;
;;;;;;;;;;;;;;;;;;;;;;;;
;;;;;;;;;;;;;;;;;;;;;;;;
;;;;;;;;;;;;;;;;;;;;;;;;
;;;;;;;;;;;;;;;;;;;;;;;;
;;;;;;;;;;;;;;;;;;;;;;;;
;;;;;;;;;;;;;;;;;;;;;;;;
;;;;;;;;;;;;;;;;;;;;;;;;
;;;;;;;;;;;;;;;;;;;;;;;;
;;;;;;;;;;;;;;;;;;;;;;;;
;;;;;;;;;;;;;;;;;;;;;;;;
;;;;;;;;;;;;;;;;;;;;;;;;
;;;;;;;;;;;;;;;;;;;;;;;;
;;;;;;;;;;;;;;;;;;;;;;;;
;;;;;;;;;;;;;;;;;;;;;;;;
;;;;;;;;;;;;;;;;;;;;;;;;
;;;;;;;;;;;;;;;;;;;;;;;;
;;;;;;;;;;;;;;;;;;;;;;;;
;;;;;;;;;;;;;;;;;;;;;;;;
;;;;;;;;;;;;;;;;;;;;;;;;
;;;;;;;;;;;;;;;;;;;;;;;;
;;;;;;;;;;;;;;;;;;;;;;;;
;;;;;;;;;;;;;;;;;;;;;;;;
;;;;;;;;;;;;;;;;;;;;;;;;
;;;;;;;;;;;;;;;;;;;;;;;;
;;;;;;;;;;;;;;;;;;;;;;;;
;;;;;;;;;;;;;;;;;;;;;;;;
;;;;;;;;;;;;;;;;;;;;;;;;
;;;;;;;;;;;;;;;;;;;;;;;;
;;;;;;;;;;;;;;;;;;;;;;;;
;;;;;;;;;;;;;;;;;;;;;;;;
;;;;;;;;;;;;;;;;;;;;;;;;
;;;;;;;;;;;;;;;;;;;;;;;;
;;;;;;;;;;;;;;;;;;;;;;;;
;;;;;;;;;;;;;;;;;;;;;;;;
;;;;;;;;;;;;;;;;;;;;;;;;
;;;;;;;;;;;;;;;;;;;;;;;;
;;;;;;;;;;;;;;;;;;;;;;;;
;;;;;;;;;;;;;;;;;;;;;;;;
;;;;;;;;;;;;;;;;;;;;;;;;
;;;;;;;;;;;;;;;;;;;;;;;;
;;;;;;;;;;;;;;;;;;;;;;;;
;;;;;;;;;;;;;;;;;;;;;;;;
;;;;;;;;;;;;;;;;;;;;;;;;
;;;;;;;;;;;;;;;;;;;;;;;;
;;;;;;;;;;;;;;;;;;;;;;;;
;;;;;;;;;;;;;;;;;;;;;;;;
;;;;;;;;;;;;;;;;;;;;;;;;
;;;;;;;;;;;;;;;;;;;;;;;;
;;;;;;;;;;;;;;;;;;;;;;;;
;;;;;;;;;;;;;;;;;;;;;;;;
;;;;;;;;;;;;;;;;;;;;;;;;
;;;;;;;;;;;;;;;;;;;;;;;;
;;;;;;;;;;;;;;;;;;;;;;;;
;;;;;;;;;;;;;;;;;;;;;;;;
;;;;;;;;;;;;;;;;;;;;;;;;
;;;;;;;;;;;;;;;;;;;;;;;;
;;;;;;;;;;;;;;;;;;;;;;;;
;;;;;;;;;;;;;;;;;;;;;;;;
;;;;;;;;;;;;;;;;;;;;;;;;
;;;;;;;;;;;;;;;;;;;;;;;;
;;;;;;;;;;;;;;;;;;;;;;;;
;;;;;;;;;;;;;;;;;;;;;;;;
;;;;;;;;;;;;;;;;;;;;;;;;
;;;;;;;;;;;;;;;;;;;;;;;;
;;;;;;;;;;;;;;;;;;;;;;;;
;;;;;;;;;;;;;;;;;;;;;;;;
;;;;;;;;;;;;;;;;;;;;;;;;
;;;;;;;;;;;;;;;;;;;;;;;;
;;;;;;;;;;;;;;;;;;;;;;;;
;;;;;;;;;;;;;;;;;;;;;;;;
;;;;;;;;;;;;;;;;;;;;;;;;
;;;;;;;;;;;;;;;;;;;;;;;;
;;;;;;;;;;;;;;;;;;;;;;;;
;;;;;;;;;;;;;;;;;;;;;;;;
;;;;;;;;;;;;;;;;;;;;;;;;
;;;;;;;;;;;;;;;;;;;;;;;;
;;;;;;;;;;;;;;;;;;;;;;;;
;;;;;;;;;;;;;;;;;;;;;;;;
;;;;;;;;;;;;;;;;;;;;;;;;
;;;;;;;;;;;;;;;;;;;;;;;;
;;;;;;;;;;;;;;;;;;;;;;;;
;;;;;;;;;;;;;;;;;;;;;;;;
;;;;;;;;;;;;;;;;;;;;;;;;
;;;;;;;;;;;;;;;;;;;;;;;;
;;;;;;;;;;;;;;;;;;;;;;;;
;;;;;;;;;;;;;;;;;;;;;;;;
;;;;;;;;;;;;;;;;;;;;;;;;
;;;;;;;;;;;;;;;;;;;;;;;;
;;;;;;;;;;;;;;;;;;;;;;;;
;;;;;;;;;;;;;;;;;;;;;;;;
;;;;;;;;;;;;;;;;;;;;;;;;
;;;;;;;;;;;;;;;;;;;;;;;;
;;;;;;;;;;;;;;;;;;;;;;;;
;;;;;;;;;;;;;;;;;;;;;;;;
;;;;;;;;;;;;;;;;;;;;;;;;
;;;;;;;;;;;;;;;;;;;;;;;;
;;;;;;;;;;;;;;;;;;;;;;;;
;;;;;;;;;;;;;;;;;;;;;;;;
;;;;;;;;;;;;;;;;;;;;;;;;
;;;;;;;;;;;;;;;;;;;;;;;;
;;;;;;;;;;;;;;;;;;;;;;;;
;;;;;;;;;;;;;;;;;;;;;;;;
;;;;;;;;;;;;;;;;;;;;;;;;
;;;;;;;;;;;;;;;;;;;;;;;;
;;;;;;;;;;;;;;;;;;;;;;;;
;;;;;;;;;;;;;;;;;;;;;;;;
;;;;;;;;;;;;;;;;;;;;;;;;
;;;;;;;;;;;;;;;;;;;;;;;;
;;;;;;;;;;;;;;;;;;;;;;;;
;;;;;;;;;;;;;;;;;;;;;;;;
;;;;;;;;;;;;;;;;;;;;;;;;
;;;;;;;;;;;;;;;;;;;;;;;;
;;;;;;;;;;;;;;;;;;;;;;;;
;;;;;;;;;;;;;;;;;;;;;;;;
;;;;;;;;;;;;;;;;;;;;;;;;
;;;;;;;;;;;;;;;;;;;;;;;;
;;;;;;;;;;;;;;;;;;;;;;;;
;;;;;;;;;;;;;;;;;;;;;;;;
;;;;;;;;;;;;;;;;;;;;;;;;
;;;;;;;;;;;;;;;;;;;;;;;;
;;;;;;;;;;;;;;;;;;;;;;;;
;;;;;;;;;;;;;;;;;;;;;;;;
;;;;;;;;;;;;;;;;;;;;;;;;
;;;;;;;;;;;;;;;;;;;;;;;;
;;;;;;;;;;;;;;;;;;;;;;;;
;;;;;;;;;;;;;;;;;;;;;;;;
;;;;;;;;;;;;;;;;;;;;;;;;
;;;;;;;;;;;;;;;;;;;;;;;;
;;;;;;;;;;;;;;;;;;;;;;;;
;;;;;;;;;;;;;;;;;;;;;;;;
;;;;;;;;;;;;;;;;;;;;;;;;
;;;;;;;;;;;;;;;;;;;;;;;;
;;;;;;;;;;;;;;;;;;;;;;;;
;;;;;;;;;;;;;;;;;;;;;;;;
;;;;;;;;;;;;;;;;;;;;;;;;
;;;;;;;;;;;;;;;;;;;;;;;;
;;;;;;;;;;;;;;;;;;;;;;;;
;;;;;;;;;;;;;;;;;;;;;;;;
;;;;;;;;;;;;;;;;;;;;;;;;
;;;;;;;;;;;;;;;;;;;;;;;;
;;;;;;;;;;;;;;;;;;;;;;;;
;;;;;;;;;;;;;;;;;;;;;;;;
;;;;;;;;;;;;;;;;;;;;;;;;
;;;;;;;;;;;;;;;;;;;;;;;;
;;;;;;;;;;;;;;;;;;;;;;;;
;;;;;;;;;;;;;;;;;;;;;;;;
;;;;;;;;;;;;;;;;;;;;;;;;
;;;;;;;;;;;;;;;;;;;;;;;;
;;;;;;;;;;;;;;;;;;;;;;;;
;;;;;;;;;;;;;;;;;;;;;;;;
;;;;;;;;;;;;;;;;;;;;;;;;
;;;;;;;;;;;;;;;;;;;;;;;;
;;;;;;;;;;;;;;;;;;;;;;;;
;;;;;;;;;;;;;;;;;;;;;;;;
;;;;;;;;;;;;;;;;;;;;;;;;
;;;;;;;;;;;;;;;;;;;;;;;;
;;;;;;;;;;;;;;;;;;;;;;;;
;;;;;;;;;;;;;;;;;;;;;;;;
;;;;;;;;;;;;;;;;;;;;;;;;
;;;;;;;;;;;;;;;;;;;;;;;;
;;;;;;;;;;;;;;;;;;;;;;;;
;;;;;;;;;;;;;;;;;;;;;;;;
;;;;;;;;;;;;;;;;;;;;;;;;
;;;;;;;;;;;;;;;;;;;;;;;;
;;;;;;;;;;;;;;;;;;;;;;;;
